Description,Product Size,Manufacturer Name,Brand,Strength,Branding Type,Generic Name,Min Price
Acarbose Tab 100 MG,100,HIKMA PHARMACEUTICALS USA,Precose,100MG,Generic,Acarbose Tab 100 MG,0.1300
Acarbose Tab 50 MG,100,HIKMA PHARMACEUTICALS USA,Precose,50MG,Generic,Acarbose Tab 50 MG,0.0800
Acarbose Tab 50 MG,100,STRIDES PHARMA,Precose,50MG,Generic,Acarbose Tab 50 MG,0.1200
Acetaminophen Liquid 160 MG/5ML,473 ML,WESTMINSTER PHARMACEUTICALS,,160MG/5ML,Generic,Acetaminophen Liquid 160 MG/5ML,0.0100
Acyclovir Cream 5%,5 GM,PADAGIS,Zovirax,5%,Generic,Acyclovir Cream 5%,7.8400
Acyclovir Susp 200 MG/5ML,473 ML,CAMBER PHARMACEUTICALS,Zovirax,200MG/5ML,Generic,Acyclovir Susp 200 MG/5ML,0.0600
Acyclovir Susp 200 MG/5ML,473 ML,NOVADOZ PHARMACEUTICALS,Zovirax,200MG/5ML,Generic,Acyclovir Susp 200 MG/5ML,0.0500
Acyclovir Tab 400 MG,500,AVET PHARMACEUTICALS,Zovirax,400MG,Generic,Acyclovir Tab 400 MG,0.0400
Acyclovir Tab 800 MG,500,AVET PHARMACEUTICALS,Zovirax,800MG,Generic,Acyclovir Tab 800 MG,0.0700
Adapalene-Benzoyl Peroxide Gel 0.1-2.5%,45 GM,PADAGIS,Epiduo,0.1-2.5%,Generic,Adapalene-Benzoyl Peroxide Gel 0.1-2.5%,0.1600
Adapalene-Benzoyl Peroxide Gel 0.3-2.5%,45 GM,SUN PHARMACEUTICALS,Epiduo Forte,0.3-2.5%,Generic,Adapalene-Benzoyl Peroxide Gel 0.3-2.5%,0.5900
Albuterol Sulfate Soln Nebu 0.083% (2.5 MG/3ML),3 ML X 25,NEPHRON PHARMACEUTICALS CORP.,Proventil,(2.5 MG/3ML)0.083%,Generic,Albuterol Sulfate Soln Nebu 0.083% (2.5 MG/3ML),1.5500
Albuterol Sulfate Soln Nebu 0.083% (2.5 MG/3ML),3 ML X 60,NEPHRON PHARMACEUTICALS CORP.,Proventil,(2.5 MG/3ML)0.083%,Generic,Albuterol Sulfate Soln Nebu 0.083% (2.5 MG/3ML),5.2000
Albuterol Sulfate Soln Nebu 1.25 MG/3ML (Base Equiv),3 ML X 25,NEPHRON PHARMACEUTICALS CORP.,Accuneb,1.25MG/3ML,Generic,Albuterol Sulfate Soln Nebu 1.25 MG/3ML (Base Equiv),2.0800
Albuterol Sulfate Soln Nebu 1.25 MG/3ML (Base Equiv),3 ML X 25,RITEDOSE PHARMACEUTICALS,Accuneb,1.25MG/3ML,Generic,Albuterol Sulfate Soln Nebu 1.25 MG/3ML (Base Equiv),5.8500
Alendronate Sodium Oral Soln 70 MG/75ML,75 ML X 4,ANI  PHARMACEUTICALS,Fosamax,70MG/75ML,Generic,Alendronate Sodium Oral Soln 70 MG/75ML,2.0000
Alendronate Sodium Tab 10 MG,100,RISING PHARMACEUTICALS,Fosamax,10MG,Generic,Alendronate Sodium Tab 10 MG,0.0600
Alfuzosin HCl Tab ER 24HR 10 MG,100,CIPLA USA,Uroxatral,10MG,Generic,Alfuzosin HCl Tab ER 24HR 10 MG,0.0400
Allopurinol Tab 100 MG,1000,RISING PHARMACEUTICALS,Zyloprim,100MG,Generic,Allopurinol Tab 100 MG,0.0100
Allopurinol Tab 100 MG,90,RISING PHARMACEUTICALS,Zyloprim,100MG,Generic,Allopurinol Tab 100 MG,0.0100
Allopurinol Tab 300 MG,100,SUN PHARMACEUTICALS,Zyloprim,300MG,Generic,Allopurinol Tab 300 MG,0.0300
Allopurinol Tab 300 MG,1000,CAMBER PHARMACEUTICALS,Zyloprim,300MG,Generic,Allopurinol Tab 300 MG,0.0300
Allopurinol Tab 300 MG,90,RISING PHARMACEUTICALS,Zyloprim,300MG,Generic,Allopurinol Tab 300 MG,0.0200
Alogliptin-Pioglitazone Tab 25-15 MG,30,PADAGIS,Oseni,25-15MG,Generic,Alogliptin-Pioglitazone Tab 25-15 MG,4.4200
Alosetron HCl Tab 0.5 MG (Base Equiv),30,LIFESTAR PHARMA,Lotronex,0.5MG,Generic,Alosetron HCl Tab 0.5 MG (Base Equiv),1.2000
Alprostadil Inj 500 MCG/ML,1 ML X 10,MEITHEAL PHARMACEUTICALS,,500MCG/ML,Generic,Alprostadil Inj 500 MCG/ML,690.5000
Aminocaproic Acid Oral Soln 0.25 GM/ML,236.5 ML,BIOCON PHARMA,Amicar,0.25GM/ML,Generic,Aminocaproic Acid Oral Soln 0.25 GM/ML,0.3300
Aminocaproic Acid Tab 1000 MG,30,BIOCON PHARMA,Amicar,1000MG,Generic,Aminocaproic Acid Tab 1000 MG,6.5100
Amitriptyline HCl Tab 100 MG,100,ACCORD HEALTHCARE,Elavil,100MG,Generic,Amitriptyline HCl Tab 100 MG,0.0200
Amitriptyline HCl Tab 10 MG,1000,LIFESTAR PHARMA,Elavil,10MG,Generic,Amitriptyline HCl Tab 10 MG,0.0100
Amitriptyline HCl Tab 10 MG,1000,RISING PHARMACEUTICALS,Elavil,10MG,Generic,Amitriptyline HCl Tab 10 MG,0.0100
Amlodipine Besylate-Atorvastatin Calcium Tab 5-20 MG,30,APOTEX,Caduet,5-20MG,Generic,Amlodipine Besylate-Atorvastatin Calcium Tab 5-20 MG,0.3900
Amlodipine Besylate-Benazepril HCl Cap 10-40 MG,100,LUPIN PHARMACEUTICALS,Lotrel,10-40MG,Generic,Amlodipine Besylate-Benazepril HCl Cap 10-40 MG,0.1000
Amlodipine Besylate-Benazepril HCl Cap 10-40 MG,100,RISING PHARMACEUTICALS,Lotrel,10-40MG,Generic,Amlodipine Besylate-Benazepril HCl Cap 10-40 MG,0.0700
Amlodipine Besylate-Benazepril HCl Cap 5-20 MG,100,RISING PHARMACEUTICALS,Lotrel,5-20MG,Generic,Amlodipine Besylate-Benazepril HCl Cap 5-20 MG,0.0600
Amlodipine Besylate-Olmesartan Medoxomil Tab 10-40 MG,90,MACLEODS PHARMACEUTICALS,Azor,10-40MG,Generic,Amlodipine Besylate-Olmesartan Medoxomil Tab 10-40 MG,0.1400
Amlodipine Besylate Tab 2.5 MG (Base Equivalent),90,ASCEND LABORATORIES,Norvasc,2.5MG,Generic,Amlodipine Besylate Tab 2.5 MG (Base Equivalent),0.0100
Amnesteem CAPS 10 MG,30,MYLAN,Absorica,10MG,Trademarked,Isotretinoin Cap 10 MG,1.4300
Amoxicillin  K Clavulanate For Susp 200-28.5 MG/5ML,100 ML,HIKMA PHARMACEUTICALS USA,Augmentin,200-28.5MG/5ML,Generic,Amoxicillin & K Clavulanate For Susp 200-28.5 MG/5ML,0.0200
Amoxicillin  K Clavulanate For Susp 200-28.5 MG/5ML,75 ML,HIKMA PHARMACEUTICALS USA,Augmentin,200-28.5MG/5ML,Generic,Amoxicillin & K Clavulanate For Susp 200-28.5 MG/5ML,0.0200
Amoxicillin  K Clavulanate For Susp 400-57 MG/5ML,100 ML,BIONPHARMA,Augmentin,400-57MG/5ML,Generic,Amoxicillin & K Clavulanate For Susp 400-57 MG/5ML,0.0300
Amoxicillin  K Clavulanate For Susp 400-57 MG/5ML,50 ML,HIKMA PHARMACEUTICALS USA,Augmentin,400-57MG/5ML,Generic,Amoxicillin & K Clavulanate For Susp 400-57 MG/5ML,0.0200
Amoxicillin  K Clavulanate Tab 250-125 MG,30,MICRO LABORATORIES,Augmentin,250-125MG,Generic,Amoxicillin & K Clavulanate Tab 250-125 MG,0.8000
Amoxicillin  K Clavulanate Tab 500-125 MG,100,MICRO LABORATORIES,Augmentin,500-125MG,Generic,Amoxicillin & K Clavulanate Tab 500-125 MG,0.1900
Amoxicillin  K Clavulanate Tab 500-125 MG,20,MICRO LABORATORIES,Augmentin,500-125MG,Generic,Amoxicillin & K Clavulanate Tab 500-125 MG,0.2000
Amoxicillin  K Clavulanate Tab 875-125 MG,20,HIKMA PHARMACEUTICALS USA,Augmentin,875-125MG,Generic,Amoxicillin & K Clavulanate Tab 875-125 MG,0.0700
Amoxicillin  K Clavulanate Tab ER 12HR 1000-62.5 MG,28,SANDOZ,Augmentin XR,1000-62.5MG,Generic,Amoxicillin & K Clavulanate Tab ER 12HR 1000-62.5 MG,5.0000
Amoxicillin (Trihydrate) Cap 500 MG,500,SANDOZ,Amoxil,500MG,Generic,Amoxicillin (Trihydrate) Cap 500 MG,0.0600
Amoxicillin (Trihydrate) For Susp 400 MG/5ML,50 ML,AUROBINDO PHARMA,Amoxil,400MG/5ML,Generic,Amoxicillin (Trihydrate) For Susp 400 MG/5ML,0.0300
Ampicillin Cap 500 MG,100,AUROBINDO PHARMA,Omnipen,500MG,Generic,Ampicillin Cap 500 MG,0.1900
Ampicillin Cap 500 MG,100,SANDOZ,Omnipen,500MG,Generic,Ampicillin Cap 500 MG,0.4700
Anagrelide HCl Cap 1 MG,100,TORRENT PHARMACEUTICALS,Agrylin,1MG,Generic,Anagrelide HCl Cap 1 MG,1.9000
Anastrozole Tab 1 MG,30,ACCORD HEALTHCARE,Arimidex,1MG,Generic,Anastrozole Tab 1 MG,0.0500
Anastrozole Tab 1 MG,500,ACCORD HEALTHCARE,Arimidex,1MG,Generic,Anastrozole Tab 1 MG,0.0700
Arformoterol Tartrate Soln Nebu 15 MCG/2ML (Base Equiv),2 ML X 30,LIFESTAR PHARMA,Brovana,15MCG/2ML,Generic,Arformoterol Tartrate Soln Nebu 15 MCG/2ML (Base Equiv),12.4700
Aripiprazole Oral Solution 1 MG/ML,150 ML,SILARX,Abilify,1MG/ML,Generic,Aripiprazole Oral Solution 1 MG/ML,0.1600
Aripiprazole Tab 5 MG,30,MACLEODS PHARMACEUTICALS,Abilify,5MG,Generic,Aripiprazole Tab 5 MG,0.0200
Aspirin Adult Low Dose TBEC 81 MG,1000,NOBLE OTC,Aspirin,81MG,Brand,Aspirin Tab Delayed Release 81 MG,0.0000
Aspirin Tab Delayed Release 325 MG,100,RELIABLE 1 LABS,Aspirin,325MG,Generic,Aspirin Tab Delayed Release 325 MG,0.0200
Atazanavir Sulfate Cap 150 MG (Base Equiv),60,CAMBER PHARMACEUTICALS,Reyataz,150MG,Generic,Atazanavir Sulfate Cap 150 MG (Base Equiv),0.2500
Atazanavir Sulfate Cap 200 MG (Base Equiv),60,CAMBER PHARMACEUTICALS,Reyataz,200MG,Generic,Atazanavir Sulfate Cap 200 MG (Base Equiv),0.2900
Atenolol Tab 100 MG,1000,NIVAGEN PHARMACEUTICALS,Tenormin,100MG,Generic,Atenolol Tab 100 MG,0.0100
Atenolol Tab 25 MG,1000,NIVAGEN PHARMACEUTICALS,Tenormin,25MG,Generic,Atenolol Tab 25 MG,0.0100
Atomoxetine HCl Cap 40 MG (Base Equiv),30,CAMBER PHARMACEUTICALS,Strattera,40MG,Generic,Atomoxetine HCl Cap 40 MG (Base Equiv),0.3800
Atomoxetine HCl Cap 80 MG (Base Equiv),30,CAMBER PHARMACEUTICALS,Strattera,80MG,Generic,Atomoxetine HCl Cap 80 MG (Base Equiv),0.4800
Atorvastatin Calcium Tab 10 MG (Base Equivalent),1000,LIFESTAR PHARMA,Lipitor,10MG,Generic,Atorvastatin Calcium Tab 10 MG (Base Equivalent),0.0100
Atorvastatin Calcium Tab 80 MG (Base Equivalent),1000,BIOCON PHARMA,Lipitor,80MG,Generic,Atorvastatin Calcium Tab 80 MG (Base Equivalent),0.0300
Atorvastatin Calcium Tab 80 MG (Base Equivalent),1000,NOVADOZ PHARMACEUTICALS,Lipitor,80MG,Generic,Atorvastatin Calcium Tab 80 MG (Base Equivalent),0.0300
Atorvastatin Calcium Tab 80 MG (Base Equivalent),90,"DR.REDDY'S LABORATORIES, INC.",Lipitor,80MG,Generic,Atorvastatin Calcium Tab 80 MG (Base Equivalent),0.0300
Atracurium Besylate Preservative Free (PF) IV Soln 50 MG/5ML,5 ML X 10,MEITHEAL PHARMACEUTICALS,Tracrium,50MG/5ML,Generic,Atracurium Besylate Preservative Free (PF) IV Soln 50 MG/5ML,2.0000
Atropine Sulfate Ophth Soln 1%,5 ML,SOMERSET THERAPEUTICS,Isopto Atropine,1%,Generic,Atropine Sulfate Ophth Soln 1%,3.3200
Azathioprine Tab 50 MG,100,RISING PHARMACEUTICALS,Imuran,50MG,Generic,Azathioprine Tab 50 MG,0.0400
Azithromycin Tab 250 MG,6,LUPIN PHARMACEUTICALS,Zithromax,250MG,Generic,Azithromycin Tab 250 MG,0.1700
Baclofen Tab 10 MG,1000,KARTHA PHARMACEUTICALS,Lioresal,10MG,Generic,Baclofen Tab 10 MG,0.0200
Baclofen Tab 20 MG,100,CAMBER PHARMACEUTICALS,Lioresal,20MG,Generic,Baclofen Tab 20 MG,0.0200
Baclofen Tab 20 MG,1000,KARTHA PHARMACEUTICALS,Lioresal,20MG,Generic,Baclofen Tab 20 MG,0.0300
Baclofen Tab 20 MG,500,KARTHA PHARMACEUTICALS,Lioresal,20MG,Generic,Baclofen Tab 20 MG,0.0300
Benazepril HCl Tab 10 MG,100,AVET PHARMACEUTICALS,Lotensin,10MG,Generic,Benazepril HCl Tab 10 MG,0.0200
Benazepril HCl Tab 10 MG,500,AVET PHARMACEUTICALS,Lotensin,10MG,Generic,Benazepril HCl Tab 10 MG,0.0300
Benazepril HCl Tab 20 MG,100,AVET PHARMACEUTICALS,Lotensin,20MG,Generic,Benazepril HCl Tab 20 MG,0.0400
Benazepril HCl Tab 20 MG,500,AVET PHARMACEUTICALS,Lotensin,20MG,Generic,Benazepril HCl Tab 20 MG,0.0400
Benazepril HCl Tab 5 MG,100,AVET PHARMACEUTICALS,Lotensin,5MG,Generic,Benazepril HCl Tab 5 MG,0.0100
Benzonatate Cap 100 MG,100,ZYDUS PHARMACEUTICALS (USA),Tessalon Perles,100MG,Generic,Benzonatate Cap 100 MG,0.0400
Betamethasone Dipropionate Augmented Oint 0.05%,15 GM,SANDOZ,Diprolene AF,0.05%,Generic,Betamethasone Dipropionate Augmented Oint 0.05%,0.8600
Betamethasone Valerate Aerosol Foam 0.12%,100 GM,PADAGIS,Luxiq,0.12%,Generic,Betamethasone Valerate Aerosol Foam 0.12%,0.4900
Betamethasone Valerate Aerosol Foam 0.12%,50 GM,PADAGIS,Luxiq,0.12%,Generic,Betamethasone Valerate Aerosol Foam 0.12%,0.2000
Betamethasone Valerate Cream 0.1% (Base Equivalent),15 GM,SANDOZ,Valisone,0.1%,Generic,Betamethasone Valerate Cream 0.1% (Base Equivalent),0.6500
Betamethasone Valerate Oint 0.1% (Base Equivalent),15 GM,COSETTE PHARMACEUTICALS,Valisone,0.1%,Generic,Betamethasone Valerate Oint 0.1% (Base Equivalent),0.4200
Betamethasone Valerate Oint 0.1% (Base Equivalent),45 GM,COSETTE PHARMACEUTICALS,Valisone,0.1%,Generic,Betamethasone Valerate Oint 0.1% (Base Equivalent),0.2100
Bisacodyl EC TBEC 5 MG,100,GERI-CARE,Dulcolax,5MG,Brand,Bisacodyl Tab Delayed Release 5 MG,0.0100
Bisacodyl EC TBEC 5 MG,25,GERI-CARE,Dulcolax,5MG,Brand,Bisacodyl Tab Delayed Release 5 MG,0.0400
Bisacodyl Suppos 10 MG,30,RISING PHARMACEUTICALS,Dulcolax,10MG,Generic,Bisacodyl Suppos 10 MG,0.0700
Bisoprolol Fumarate Tab 10 MG,30,UNICHEM PHARMACEUTICALS,Zebeta,10MG,Generic,Bisoprolol Fumarate Tab 10 MG,0.0400
Bisoprolol  Hydrochlorothiazide Tab 10-6.25 MG,100,EDENBRIDGE PHARMACEUTICALS,Ziac,10-6.25MG,Generic,Bisoprolol & Hydrochlorothiazide Tab 10-6.25 MG,0.0400
Bisoprolol  Hydrochlorothiazide Tab 10-6.25 MG,500,EDENBRIDGE PHARMACEUTICALS,Ziac,10-6.25MG,Generic,Bisoprolol & Hydrochlorothiazide Tab 10-6.25 MG,0.0600
Bisoprolol  Hydrochlorothiazide Tab 2.5-6.25 MG,100,EDENBRIDGE PHARMACEUTICALS,Ziac,2.5-6.25MG,Generic,Bisoprolol & Hydrochlorothiazide Tab 2.5-6.25 MG,0.0800
Bisoprolol  Hydrochlorothiazide Tab 2.5-6.25 MG,30,GLENMARK PHARMACEUTICALS,Ziac,2.5-6.25MG,Generic,Bisoprolol & Hydrochlorothiazide Tab 2.5-6.25 MG,0.0500
Bisoprolol  Hydrochlorothiazide Tab 2.5-6.25 MG,30,UNICHEM PHARMACEUTICALS,Ziac,2.5-6.25MG,Generic,Bisoprolol & Hydrochlorothiazide Tab 2.5-6.25 MG,0.0400
Bisoprolol  Hydrochlorothiazide Tab 2.5-6.25 MG,500,EDENBRIDGE PHARMACEUTICALS,Ziac,2.5-6.25MG,Generic,Bisoprolol & Hydrochlorothiazide Tab 2.5-6.25 MG,0.0800
Bisoprolol  Hydrochlorothiazide Tab 5-6.25 MG,100,GLENMARK PHARMACEUTICALS,Ziac,5-6.25MG,Generic,Bisoprolol & Hydrochlorothiazide Tab 5-6.25 MG,0.0400
Bisoprolol  Hydrochlorothiazide Tab 5-6.25 MG,500,GLENMARK PHARMACEUTICALS,Ziac,5-6.25MG,Generic,Bisoprolol & Hydrochlorothiazide Tab 5-6.25 MG,0.0400
Bleomycin Sulfate For Inj 15 Unit,1,MEITHEAL PHARMACEUTICALS,,15UNIT,Generic,Bleomycin Sulfate For Inj 15 Unit,18.7700
Bortezomib For Inj 3.5 MG,1,NOVADOZ PHARMACEUTICALS,Velcade,3.5MG,Generic,Bortezomib For Inj 3.5 MG,3.7600
Brimonidine Tartrate Ophth Soln 0.2%,15 ML,SOMERSET THERAPEUTICS,Alphagan P,0.2%,Generic,Brimonidine Tartrate Ophth Soln 0.2%,0.3200
Brimonidine Tartrate-Timolol Maleate Ophth Soln 0.2-0.5%,10 ML,APOTEX,Combigan,0.2-0.5%,Generic,Brimonidine Tartrate-Timolol Maleate Ophth Soln 0.2-0.5%,3.7300
Brimonidine Tartrate-Timolol Maleate Ophth Soln 0.2-0.5%,10 ML,GLENMARK PHARMACEUTICALS,Combigan,0.2-0.5%,Generic,Brimonidine Tartrate-Timolol Maleate Ophth Soln 0.2-0.5%,1.2700
Bromfenac Sodium Ophth Soln 0.07% (Base Equivalent),3 ML,DR. REDDY'S LABORATORIES,Prolensa,0.07%,Generic,Bromfenac Sodium Ophth Soln 0.07% (Base Equivalent),7.8700
Bromfenac Sodium Ophth Soln 0.07% (Base Equivalent),3 ML,LUPIN PHARMACEUTICALS,Prolensa,0.07%,Generic,Bromfenac Sodium Ophth Soln 0.07% (Base Equivalent),22.1600
Bromocriptine Mesylate Tab 2.5 MG (Base Equivalent),30,PADAGIS,Parlodel,2.5MG,Generic,Bromocriptine Mesylate Tab 2.5 MG (Base Equivalent),0.9600
Budesonide Delayed Release Particles Cap 3 MG,100,PADAGIS,Entocort EC,3MG,Generic,Budesonide Delayed Release Particles Cap 3 MG,0.3900
Budesonide Inhalation Susp 0.25 MG/2ML,2 ML X 30,NEPHRON PHARMACEUTICALS CORP.,Pulmicort,0.25MG/2ML,Generic,Budesonide Inhalation Susp 0.25 MG/2ML,15.5000
Bupivacaine HCl Preservative Free (PF) Inj 0.25%,10 ML,MEITHEAL PHARMACEUTICALS,Marcaine,0.25%,Generic,Bupivacaine HCl Preservative Free (PF) Inj 0.25%,0.0700
Bupivacaine HCl Preservative Free (PF) Inj 0.5%,10 ML,MEITHEAL PHARMACEUTICALS,Marcaine,0.5%,Generic,Bupivacaine HCl Preservative Free (PF) Inj 0.5%,0.0700
Bupivacaine HCl Preservative Free (PF) Inj 0.75%,10 ML,MEITHEAL PHARMACEUTICALS,Marcaine,0.75%,Generic,Bupivacaine HCl Preservative Free (PF) Inj 0.75%,0.0700
Bupropion HCl Tab ER 12HR 100 MG,100,CAMBER PHARMACEUTICALS,Wellbutrin SR,100MG,Generic,Bupropion HCl Tab ER 12HR 100 MG,0.0400
Buspirone HCl Tab 30 MG,500,AVET PHARMACEUTICALS,Buspar,30MG,Generic,Buspirone HCl Tab 30 MG,0.0400
Buspirone HCl Tab 30 MG,60,AVET PHARMACEUTICALS,Buspar,30MG,Generic,Buspirone HCl Tab 30 MG,0.0300
Buspirone HCl Tab 30 MG,60,OXFORD PHARMACEUTICALS,Buspar,30MG,Generic,Buspirone HCl Tab 30 MG,0.0500
Buspirone HCl Tab 5 MG,100,AVET PHARMACEUTICALS,Buspar,5MG,Generic,Buspirone HCl Tab 5 MG,0.0100
Cabergoline Tab 0.5 MG,8,SOLA PHARMACEUTICALS,Dostinex,0.5MG,Generic,Cabergoline Tab 0.5 MG,0.5600
Candesartan Cilexetil Tab 16 MG,30,MACLEODS PHARMACEUTICALS,Atacand,16MG,Generic,Candesartan Cilexetil Tab 16 MG,0.2700
Candesartan Cilexetil Tab 32 MG,30,MACLEODS PHARMACEUTICALS,Atacand,32MG,Generic,Candesartan Cilexetil Tab 32 MG,0.3100
Candesartan Cilexetil Tab 32 MG,90,MACLEODS PHARMACEUTICALS,Atacand,32MG,Generic,Candesartan Cilexetil Tab 32 MG,0.2800
Candesartan Cilexetil Tab 8 MG,30,MACLEODS PHARMACEUTICALS,Atacand,8MG,Generic,Candesartan Cilexetil Tab 8 MG,0.3100
Capecitabine Tab 150 MG,60,CIPLA USA,Xeloda,150MG,Generic,Capecitabine Tab 150 MG,0.0600
Capsaicin Cream CREA 0.1 %,57 GM,false,Capsagel,0.1%,Generic,,0.0800
Capsaid ES Arthritis Relief CREA 0.1 %,42.5 GM,NOBLE OTC,Zostrix,0.1%,Brand,Capsaicin Cream 0.1%,0.0500
Captopril  Hydrochlorothiazide Tab 25-15 MG,90,RISING PHARMACEUTICALS,Capozide,25-15MG,Generic,Captopril & Hydrochlorothiazide Tab 25-15 MG,0.7800
Captopril Tab 25 MG,100,HIKMA PHARMACEUTICALS USA,Capoten,25MG,Generic,Captopril Tab 25 MG,0.1300
Carbamazepine Tab 200 MG,1000,TORRENT PHARMACEUTICALS,Tegretol,200MG,Generic,Carbamazepine Tab 200 MG,0.0300
Carbidopa-Levodopa-Entacapone Tabs 31.25-125-200 MG,100,SANDOZ,Stalevo,31.25-125-200MG,Generic,Carbidopa-Levodopa-Entacapone Tabs 31.25-125-200 MG,0.4000
Carbidopa  Levodopa Tab ER 50-200 MG,100,SUN PHARMACEUTICALS,Sinemet CR,50-200MG,Generic,Carbidopa & Levodopa Tab ER 50-200 MG,0.0600
Carboplatin IV Soln 450 MG/45ML,45 ML,ACCORD HEALTHCARE,Paraplatin,450MG/45ML,Generic,Carboplatin IV Soln 450 MG/45ML,0.4500
Carvedilol Phosphate Cap ER 24HR 40 MG,30,AMNEAL PHARMACEUTICALS,Coreg,40MG,Generic,Carvedilol Phosphate Cap ER 24HR 40 MG,3.7800
Carvedilol Tab 25 MG,500,AUROBINDO PHARMA,Coreg,25MG,Generic,Carvedilol Tab 25 MG,0.0200
Carvedilol Tab 6.25 MG,500,AUROBINDO PHARMA,Coreg,6.25MG,Generic,Carvedilol Tab 6.25 MG,0.0100
Cefadroxil For Susp 250 MG/5ML,100 ML,RISING PHARMACEUTICALS,Duricef,250MG/5ML,Generic,Cefadroxil For Susp 250 MG/5ML,0.0300
Cefdinir For Susp 125 MG/5ML,100 ML,AUROBINDO PHARMA,Omnicef,125MG/5ML,Generic,Cefdinir For Susp 125 MG/5ML,0.0600
Cefdinir For Susp 250 MG/5ML,100 ML,AUROBINDO PHARMA,Omnicef,250MG/5ML,Generic,Cefdinir For Susp 250 MG/5ML,0.1200
Cefdinir For Susp 250 MG/5ML,60 ML,AUROBINDO PHARMA,Omnicef,250MG/5ML,Generic,Cefdinir For Susp 250 MG/5ML,0.1500
Cefprozil For Susp 250 MG/5ML,100 ML,RISING PHARMACEUTICALS,Cefzil,250MG/5ML,Generic,Cefprozil For Susp 250 MG/5ML,0.0400
Cefprozil Tab 250 MG,100,RISING PHARMACEUTICALS,Cefzil,250MG,Generic,Cefprozil Tab 250 MG,0.2100
Cefuroxime Axetil Tab 500 MG,20,RISING PHARMACEUTICALS,CEFTIN,500MG,Generic,Cefuroxime Axetil Tab 500 MG,0.2700
Cefuroxime Axetil Tab 500 MG,60,RISING PHARMACEUTICALS,CEFTIN,500MG,Generic,Cefuroxime Axetil Tab 500 MG,0.2600
Cephalexin Cap 250 MG,100,AUROBINDO PHARMA,Keflex,250MG,Generic,Cephalexin Cap 250 MG,0.0300
Cephalexin Cap 250 MG,500,AUROBINDO PHARMA,Keflex,250MG,Generic,Cephalexin Cap 250 MG,0.0300
Cephalexin Cap 500 MG,500,AUROBINDO PHARMA,Keflex,500MG,Generic,Cephalexin Cap 500 MG,0.0800
Cephalexin For Susp 125 MG/5ML,100 ML,ASCEND LABORATORIES,Keflex,125MG/5ML,Generic,Cephalexin For Susp 125 MG/5ML,0.0300
Cephalexin For Susp 250 MG/5ML,100 ML,LUPIN PHARMACEUTICALS,Keflex,250MG/5ML,Generic,Cephalexin For Susp 250 MG/5ML,0.0500
Cephalexin Tab 500 MG,100,AUROBINDO PHARMA,Keflex,500MG,Generic,Cephalexin Tab 500 MG,1.4800
Cetirizine HCl Oral Soln 1 MG/ML (5 MG/5ML),480 ML,PHARMACEUTICAL ASSOCIATES,Zyrtec,5MG/5ML,Generic,Cetirizine HCl Oral Soln 1 MG/ML (5 MG/5ML),0.1700
Cetirizine HCl Tab 10 MG,300,PERRIGO,Zyrtec,10MG,Generic,Cetirizine HCl Tab 10 MG,0.0200
Childrens Ibuprofen SUSP 100 MG/5ML,118 ML,PADAGIS,Children's Motrin,100MG/5ML,Brand,Ibuprofen Susp 100 MG/5ML,0.0300
Chlorhexidine Gluconate Soln 4%,236 ML,RISING PHARMACEUTICALS,PERIDEX,4%,Generic,Chlorhexidine Gluconate Soln 4%,0.0200
Chlorhexidine Gluconate Soln 4%,473 ML,RISING PHARMACEUTICALS,PERIDEX,4%,Generic,Chlorhexidine Gluconate Soln 4%,0.0200
Chlorpromazine HCl Tab 50 MG,100,GLENMARK PHARMACEUTICALS,Thorazine,50MG,Generic,Chlorpromazine HCl Tab 50 MG,0.0800
Chlorthalidone Tab 25 MG,1000,"DR.REDDY'S LABORATORIES, INC.",Thalitone,25MG,Generic,Chlorthalidone Tab 25 MG,0.0500
Chlorthalidone Tab 25 MG,1000,LIFESTAR PHARMA,Thalitone,25MG,Generic,Chlorthalidone Tab 25 MG,0.0400
Chlorthalidone Tab 50 MG,100,SUN PHARMACEUTICALS,Thalitone,50MG,Generic,Chlorthalidone Tab 50 MG,0.0200
Chlorzoxazone Tab 375 MG,100,RISING PHARMACEUTICALS,Lorzone,375MG,Generic,Chlorzoxazone Tab 375 MG,0.3600
Cinacalcet HCl Tab 90 MG (Base Equiv),30,CAMBER PHARMACEUTICALS,Sensipar,90MG,Generic,Cinacalcet HCl Tab 90 MG (Base Equiv),0.4300
Cisatracurium Besylate IV Soln 20 MG/10ML (2 MG/ML),10 ML X 10,MEITHEAL PHARMACEUTICALS,Nimbex,20MG/10ML,Generic,Cisatracurium Besylate IV Soln 20 MG/10ML (2 MG/ML),1.4200
Cisatracurium Besylate (PF) IV Soln 200 MG/20ML (10 MG/ML),20 ML X 10,MEITHEAL PHARMACEUTICALS,Nimbex,200MG/20ML,Generic,Cisatracurium Besylate (PF) IV Soln 200 MG/20ML (10 MG/ML),3.2300
Clarithromycin For Susp 250 MG/5ML,50 ML,SANDOZ,Biaxin,250MG/5ML,Generic,Clarithromycin For Susp 250 MG/5ML,1.6900
Clever Chek System KIT w/Device,1,SIMPLE DIAGNOSTICS,,,Trademarked,*Blood Glucose Monitoring Kit w/ Device***,6.4400
Clever Choice BP Monitor/Wrist DEVI,1,SIMPLE DIAGNOSTICS,,,Trademarked,*Blood Pressure Monitoring - Device***,24.5800
Clindamycin HCl Cap 150 MG,500,SUN PHARMACEUTICALS,Cleocin,150MG,Generic,Clindamycin HCl Cap 150 MG,0.0300
Clindamycin HCl Cap 75 MG,100,GLENMARK PHARMACEUTICALS,Cleocin,75MG,Generic,Clindamycin HCl Cap 75 MG,0.1000
Clindamycin Phosphate-Benzoyl Peroxide Gel 1.2-3.75%,50 GM,PADAGIS,Onexton,1.2-3.75%,Generic,Clindamycin Phosphate-Benzoyl Peroxide Gel 1.2-3.75%,1.0500
Clindamycin Phosphate-Benzoyl Peroxide Gel 1.2-3.75%,50 GM,SUN PHARMACEUTICALS,Onexton,1.2-3.75%,Generic,Clindamycin Phosphate-Benzoyl Peroxide Gel 1.2-3.75%,0.5000
Clindamycin Phosphate-Benzoyl Peroxide Gel 1-5%,35 GM,GLENMARK PHARMACEUTICALS,Benzaclin,1-5%,Generic,Clindamycin Phosphate-Benzoyl Peroxide Gel 1-5%,0.5700
Clindamycin Phosphate-Benzoyl Peroxide Gel 1-5%,35 GM,SUN PHARMACEUTICALS,Benzaclin,1-5%,Generic,Clindamycin Phosphate-Benzoyl Peroxide Gel 1-5%,0.4300
Clindamycin Phosphate-Benzoyl Peroxide Gel 1-5%,50 GM,GLENMARK PHARMACEUTICALS,Benzaclin,1-5%,Generic,Clindamycin Phosphate-Benzoyl Peroxide Gel 1-5%,0.4500
Clindamycin Phosphate Foam 1%,100 GM,PADAGIS,Cleocin T,1%,Generic,Clindamycin Phosphate Foam 1%,0.8800
Clindamycin Phosphate Gel 1% (Twice-Daily),30 GM,PADAGIS,Cleocin T,1%,Generic,Clindamycin Phosphate Gel 1% (Twice-Daily),0.1000
Clindamycin Phosphate Gel 1% (Twice-Daily),60 GM,PADAGIS,Cleocin T,1%,Generic,Clindamycin Phosphate Gel 1% (Twice-Daily),0.0500
Clindamycin Phosphate Gel 1% (Twice-Daily),60 GM,SUN PHARMACEUTICALS,Cleocin T,1%,Generic,Clindamycin Phosphate Gel 1% (Twice-Daily),0.0500
Clindamycin Phosphate Lotion 1%,60 ML,FOUGERA,Cleocin T,1%,Generic,Clindamycin Phosphate Lotion 1%,0.2500
Clindamycin Phosphate-Tretinoin Gel 1.2-0.025%,60 GM,ENCUBE ETHICALS,Veltin,1.2-0.025%,Generic,Clindamycin Phosphate-Tretinoin Gel 1.2-0.025%,3.5200
Clobetasol Propionate Emulsion Foam 0.05%,100 GM,PADAGIS,Olux E,0.05%,Generic,Clobetasol Propionate Emulsion Foam 0.05%,0.7900
Clobetasol Propionate Emulsion Foam 0.05%,50 GM,PADAGIS,Olux E,0.05%,Generic,Clobetasol Propionate Emulsion Foam 0.05%,0.8400
Clobetasol Propionate Shampoo 0.05%,118 ML,AMNEAL PHARMACEUTICALS,Clobex,0.05%,Generic,Clobetasol Propionate Shampoo 0.05%,0.2100
Clobetasol Propionate Shampoo 0.05%,118 ML,PADAGIS,Clobex,0.05%,Generic,Clobetasol Propionate Shampoo 0.05%,0.0400
Clofarabine IV Soln 1 MG/ML,20 ML,MEITHEAL PHARMACEUTICALS,Clolar,1MG/ML,Generic,Clofarabine IV Soln 1 MG/ML,9.1200
Clonidine HCl Tab 0.1 MG,100,SOLCO HEALTHCARE,Catapres,0.1MG,Generic,Clonidine HCl Tab 0.1 MG,0.0200
Clonidine HCl Tab 0.2 MG,100,METHOD PHARMACEUTICALS,Catapres,0.2MG,Generic,Clonidine HCl Tab 0.2 MG,0.0200
Clonidine HCl Tab 0.2 MG,500,UNICHEM PHARMACEUTICALS,Catapres,0.2MG,Generic,Clonidine HCl Tab 0.2 MG,0.0100
Clonidine HCl Tab 0.3 MG,100,METHOD PHARMACEUTICALS,Catapres,0.3MG,Generic,Clonidine HCl Tab 0.3 MG,0.0200
Clonidine HCl Tab 0.3 MG,100,SOLCO HEALTHCARE,Catapres,0.3MG,Generic,Clonidine HCl Tab 0.3 MG,0.0400
Clotrimazole Cream 1%,45 GM,GLENMARK PHARMACEUTICALS,Femcare,1%,Generic,Clotrimazole Cream 1%,0.0500
Clotrimazole Soln 1%,30 ML,ANI  PHARMACEUTICALS,Clotrimatop,1%,Generic,Clotrimazole Soln 1%,1.0600
Colchicine Cap 0.6 MG,100,HIKMA PHARMACEUTICALS USA,Mitigare,0.6MG,Generic,Colchicine Cap 0.6 MG,0.9000
Comfort EZ Pen Needles MISC 33G X 6 MM,100,SIMPLE DIAGNOSTICS,,,Trademarked,"Insulin Pen Needle 33 G X 6 MM (1/4"" or 15/64"")",0.1600
Compro SUPP 25 MG,12,PADAGIS,Compazine,25MG,Trademarked,Prochlorperazine Suppos 25 MG,4.2800
Cosyntropin For Inj 0.25 MG,1 X 10,SANDOZ,Cortrosyn,0.25MG,Generic,Cosyntropin For Inj 0.25 MG,395.5000
Cyclobenzaprine HCl Cap ER 24HR 15 MG,60,UPSHER-SMITH,Flexiril,15MG,Generic,Cyclobenzaprine HCl Cap ER 24HR 15 MG,1.0100
Cyclobenzaprine HCl Tab 7.5 MG,100,JUBILANT CADISTA,Flexeril,7.5MG,Generic,Cyclobenzaprine HCl Tab 7.5 MG,0.1200
Cyclopentolate HCl Ophth Soln 1%,2 ML,SANDOZ,Cyclogyl,1%,Generic,Cyclopentolate HCl Ophth Soln 1%,2.5000
Cyclosporine Modified Cap 100 MG,30,AVET PHARMACEUTICALS,Gengraf,100MG,Generic,Cyclosporine Modified Cap 100 MG,1.0500
Cyclosporine Modified Cap 25 MG,30,AVET PHARMACEUTICALS,Gengraf,25MG,Generic,Cyclosporine Modified Cap 25 MG,0.3500
Cyclosporine Modified Cap 50 MG,30,AVET PHARMACEUTICALS,Gengraf,50MG,Generic,Cyclosporine Modified Cap 50 MG,0.5600
Danazol Cap 50 MG,100,LANNETT,Danocrine,50MG,Generic,Danazol Cap 50 MG,0.3300
Dapsone Tab 100 MG,100,RISING PHARMACEUTICALS,Avlosulfon,100MG,Generic,Dapsone Tab 100 MG,0.4000
Dapsone Tab 25 MG,100,RISING PHARMACEUTICALS,Avlosulfon,25MG,Generic,Dapsone Tab 25 MG,0.1600
Dapsone Tab 25 MG,30,RISING PHARMACEUTICALS,Avlosulfon,25MG,Generic,Dapsone Tab 25 MG,0.2700
Darifenacin Hydrobromide Tab ER 24HR 15 MG (Base Equiv),30,TORRENT PHARMACEUTICALS,Enablex,15MG,Generic,Darifenacin Hydrobromide Tab ER 24HR 15 MG (Base Equiv),0.1300
Darunavir Tab 600 MG,60,CAMBER PHARMACEUTICALS,Prezista,600MG,Generic,Darunavir Tab 600 MG,0.4700
Darunavir Tab 600 MG,60,EXELAN PHARMACEUTICALS,Prezista,600MG,Generic,Darunavir Tab 600 MG,0.4600
Darunavir Tab 600 MG,60,NOVADOZ PHARMACEUTICALS,Prezista,600MG,Generic,Darunavir Tab 600 MG,0.8500
Darunavir Tab 800 MG,30,AMNEAL PHARMACEUTICALS,Prezista,800MG,Generic,Darunavir Tab 800 MG,0.7500
Darunavir Tab 800 MG,30,NOVADOZ PHARMACEUTICALS,Prezista,800MG,Generic,Darunavir Tab 800 MG,1.7500
Decitabine For Inj 50 MG,1,MEITHEAL PHARMACEUTICALS,Dacogen,50MG,Generic,Decitabine For Inj 50 MG,28.6100
Deferasirox Tab For Oral Susp 125 MG,30,SUN PHARMACEUTICALS,Exjade,125MG,Generic,Deferasirox Tab For Oral Susp 125 MG,1.2100
Denta 5000 Plus Sensitive GEL 1.1-5 %,100 ML,RISING PHARMACEUTICALS,FluoriMax,1.1-5%,Brand,Sodium Fluoride-Potassium Nitrate Gel 1.1-5%,0.0300
DermaPhor OINT,106 GM X 24,DERMARITE,Aquaphor,,Trademarked,*Emollient - Ointment**,0.0300
Dermasarra Anit- Itch Lotion,222 ML X 0,false,Camphor/Menthol,,Generic,Dermasarra Anit- Itch Lotion,0.0100
Desoximetasone Cream 0.25%,60 GM,VIONA PHARMACEUTICALS,Topicort,0.25%,Generic,Desoximetasone Cream 0.25%,0.2200
Desoximetasone Spray 0.25%,100 ML,PADAGIS,Topicort,0.25%,Generic,Desoximetasone Spray 0.25%,0.3600
Dexamethasone Tab 0.5 MG,100,HIKMA PHARMACEUTICALS USA,Decadron,0.5MG,Generic,Dexamethasone Tab 0.5 MG,0.0200
Dexamethasone Tab 0.75 MG,100,HIKMA PHARMACEUTICALS USA,Decadron,0.75MG,Generic,Dexamethasone Tab 0.75 MG,0.0500
Dexamethasone Tab 2 MG,100,HIKMA PHARMACEUTICALS USA,Decadron,2MG,Generic,Dexamethasone Tab 2 MG,0.0300
Dexamethasone Tab 6 MG,100,ANI  PHARMACEUTICALS,Decadron,6MG,Generic,Dexamethasone Tab 6 MG,0.3000
Dexlansoprazole Cap Delayed Release 30 MG,30,UPSHER-SMITH,Dexilant,30MG,Generic,Dexlansoprazole Cap Delayed Release 30 MG,4.1500
Dexlansoprazole Cap Delayed Release 60 MG,30,UPSHER-SMITH,Dexilant,60MG,Generic,Dexlansoprazole Cap Delayed Release 60 MG,4.2000
Diatrizoate Meglumine  Sodium Oral Soln 66-10%,120 ML X 12,CAMBER PHARMACEUTICALS,,66-10%,Generic,Diatrizoate Meglumine & Sodium Oral Soln 66-10%,1.8700
Diatrizoate Meglumine  Sodium Oral Soln 66-10%,30 ML X 24,CAMBER PHARMACEUTICALS,,66-10%,Generic,Diatrizoate Meglumine & Sodium Oral Soln 66-10%,6.2500
Diazepam Inj 5 MG/ML,2 ML X 10,"DR.REDDY'S LABORATORIES, INC.",Valium,5MG/ML,Generic,Diazepam Inj 5 MG/ML,67.2500
Diclofenac Potassium Tab 25 MG,60,CINTEX,Cataflam,25MG,Generic,Diclofenac Potassium Tab 25 MG,5.3700
Dicyclomine HCl Cap 10 MG,100,HIKMA PHARMACEUTICALS USA,Bentyl,10MG,Generic,Dicyclomine HCl Cap 10 MG,0.0600
Diflorasone Diacetate Cream 0.05%,60 GM,SUN PHARMACEUTICALS,Psorcon,0.05%,Generic,Diflorasone Diacetate Cream 0.05%,3.6000
Diflunisal Tab 500 MG,100,AVET PHARMACEUTICALS,Dolobid,500MG,Generic,Diflunisal Tab 500 MG,0.3200
Diflunisal Tab 500 MG,60,AVET PHARMACEUTICALS,Dolobid,500MG,Generic,Diflunisal Tab 500 MG,0.6000
Digoxin Oral Soln 0.05 MG/ML,60 ML,AMICI PHARMACEUTICALS,Lanoxin,0.05MG/ML,Generic,Digoxin Oral Soln 0.05 MG/ML,0.7200
Digoxin Oral Soln 0.05 MG/ML,60 ML,HIKMA PHARMACEUTICALS USA,Lanoxin,0.05MG/ML,Generic,Digoxin Oral Soln 0.05 MG/ML,0.4300
Digoxin Oral Soln 0.05 MG/ML,60 ML,VISTAPHARM INC.,Lanoxin,0.05MG/ML,Generic,Digoxin Oral Soln 0.05 MG/ML,0.7900
Diltiazem HCl Tab 30 MG,100,SCIEGEN PHARMACEUTICALS,Cardizem,30MG,Generic,Diltiazem HCl Tab 30 MG,0.0500
Dimethyl Fumarate Capsule Delayed Release 120 MG,14,CAMBER PHARMACEUTICALS,Tecfidera,120MG,Generic,Dimethyl Fumarate Capsule Delayed Release 120 MG,0.6000
Diphenhydramine HCl Cap 50 MG,100,AKRON PHARMA,Benadryl,50MG,Generic,Diphenhydramine HCl Cap 50 MG,0.0100
Diphenhydramine HCl Inj 50 MG/ML,1 ML X 5,ARMAS PHARMACEUTICALS,Benadryl,50MG/ML,Generic,Diphenhydramine HCl Inj 50 MG/ML,7.3100
Diphenhydramine HCl Liquid 12.5 MG/5ML,118 ML,MAJOR PHARMACEUTICALS,Children's Benadryl,12.5MG/5ML,Generic,Diphenhydramine HCl Liquid 12.5 MG/5ML,0.0200
Disopyramide Phosphate Cap 100 MG,100,TEVA PHARMACEUTICALS USA,,100MG,Generic,Disopyramide Phosphate Cap 100 MG,0.6800
Divalproex Sodium Cap Delayed Release Sprinkle 125 MG,500,"DR.REDDY'S LABORATORIES, INC.",Depakote Sprinkle,125MG,Generic,Divalproex Sodium Cap Delayed Release Sprinkle 125 MG,0.1200
Divalproex Sodium Tab ER 24 HR 250 MG,100,CAMBER PHARMACEUTICALS,Depakote ER,250MG,Generic,Divalproex Sodium Tab ER 24 HR 250 MG,0.0400
Divalproex Sodium Tab ER 24 HR 250 MG,100,UNICHEM PHARMACEUTICALS,Depakote ER,250MG,Generic,Divalproex Sodium Tab ER 24 HR 250 MG,0.0500
Divalproex Sodium Tab ER 24 HR 250 MG,500,CAMBER PHARMACEUTICALS,Depakote ER,250MG,Generic,Divalproex Sodium Tab ER 24 HR 250 MG,0.0300
Divalproex Sodium Tab ER 24 HR 500 MG,100,CAMBER PHARMACEUTICALS,Depakote ER,500MG,Generic,Divalproex Sodium Tab ER 24 HR 500 MG,0.0700
Docetaxel Soln for IV Infusion 80 MG/8ML,8 ML,MEITHEAL PHARMACEUTICALS,Taxotere,80MG/8ML,Generic,Docetaxel Soln for IV Infusion 80 MG/8ML,2.2300
Dolishale TABS 90-20 MCG,28,INGENUS PHARMACEUTICALS,Levonorgestrel-ethinyl estrad,90-20MCG,Trademarked,Levonorgestrel-Ethinyl Estradiol (Continuous) Tab 90-20 MCG,0.5200
Donepezil Hydrochloride Tab 10 MG,500,CAMBER PHARMACEUTICALS,Aricept,10MG,Generic,Donepezil Hydrochloride Tab 10 MG,0.0100
Donepezil Hydrochloride Tab 10 MG,90,SOLCO HEALTHCARE,Aricept,10MG,Generic,Donepezil Hydrochloride Tab 10 MG,0.0100
Donepezil Hydrochloride Tab 5 MG,500,CAMBER PHARMACEUTICALS,Aricept,5MG,Generic,Donepezil Hydrochloride Tab 5 MG,0.0200
Doxazosin Mesylate Tab 1 MG,1000,UNICHEM PHARMACEUTICALS,Cardura,1MG,Generic,Doxazosin Mesylate Tab 1 MG,0.0200
Doxazosin Mesylate Tab 4 MG,1000,UNICHEM PHARMACEUTICALS,Cardura,4MG,Generic,Doxazosin Mesylate Tab 4 MG,0.0200
Doxepin HCl Cap 10 MG,100,RISING PHARMACEUTICALS,Sinequan,10MG,Generic,Doxepin HCl Cap 10 MG,0.0200
Doxepin HCl Cap 50 MG,100,RISING PHARMACEUTICALS,Sinequan,50MG,Generic,Doxepin HCl Cap 50 MG,0.0400
Doxepin HCl Cap 75 MG,100,RISING PHARMACEUTICALS,Sinequan,75MG,Generic,Doxepin HCl Cap 75 MG,0.0500
Doxepin HCl (Sleep) Tab 3 MG (Base Equiv),30,STRIDES PHARMA,Silenor,3MG,Generic,Doxepin HCl (Sleep) Tab 3 MG (Base Equiv),1.5500
Doxycycline Hyclate Cap 100 MG,500,VIONA PHARMACEUTICALS,Vibramycin,100MG,Generic,Doxycycline Hyclate Cap 100 MG,0.0400
Doxycycline Hyclate Cap 50 MG,50,HIKMA PHARMACEUTICALS USA,Vibramycin,50MG,Generic,Doxycycline Hyclate Cap 50 MG,0.0600
Doxycycline Hyclate Tab 100 MG,50,HIKMA PHARMACEUTICALS USA,Vibra-Tabs,100MG,Generic,Doxycycline Hyclate Tab 100 MG,0.0500
Doxycycline Hyclate Tab Delayed Release 150 MG,100,SOLCO HEALTHCARE,Doryx,150MG,Generic,Doxycycline Hyclate Tab Delayed Release 150 MG,1.2500
Doxycycline Hyclate Tab Delayed Release 200 MG,60,SOLCO HEALTHCARE,Doryx,200MG,Generic,Doxycycline Hyclate Tab Delayed Release 200 MG,4.9700
Doxycycline Monohydrate Tab 75 MG,100,AVET PHARMACEUTICALS,Monodox,75MG,Generic,Doxycycline Monohydrate Tab 75 MG,0.1200
Drospirenone-Ethinyl Estradiol Tab 3-0.03 MG,28 X 3,CAMBER PHARMACEUTICALS,Yasmin,3-0.03MG,Generic,Drospirenone-Ethinyl Estradiol Tab 3-0.03 MG,0.3600
Duloxetine HCl Enteric Coated Pellets Cap 30 MG (Base Eq),30,AJANTA PHARMA LIMITED,Cymbalta,30MG,Generic,Duloxetine HCl Enteric Coated Pellets Cap 30 MG (Base Eq),0.0500
Dutasteride Cap 0.5 MG,30,AUROBINDO PHARMA,Avodart,0.5MG,Generic,Dutasteride Cap 0.5 MG,0.0600
Efavirenz-Emtricitabine-Tenofovir DF Tab 600-200-300 MG,30,MACLEODS PHARMACEUTICALS,Atripla,600-200-300MG,Generic,Efavirenz-Emtricitabine-Tenofovir DF Tab 600-200-300 MG,0.6300
Enalapril Maleate Tab 2.5 MG,1000,AVET PHARMACEUTICALS,Vasotec,2.5MG,Generic,Enalapril Maleate Tab 2.5 MG,0.0100
Enalapril Maleate Tab 5 MG,100,AVET PHARMACEUTICALS,Vasotec,5MG,Generic,Enalapril Maleate Tab 5 MG,0.0200
Enoxaparin Sodium Inj 300 MG/3ML,3 ML,NOVA PLUS MEITHEAL PHARMA,Lovenox,300MG/3ML,Generic,Enoxaparin Sodium Inj 300 MG/3ML,6.2200
Enoxaparin Sodium Inj Soln Pref Syr 150 MG/ML,1 ML X 10,BE PHARMACEUTICALS,Lovenox,150MG/ML,Generic,Enoxaparin Sodium Inj Soln Pref Syr 150 MG/ML,65.8400
Entecavir Tab 1 MG,30,SOLCO HEALTHCARE,Baraclude,1MG,Generic,Entecavir Tab 1 MG,0.1200
Erythromycin Ophth Oint 5 MG/GM,3.5 GM,ARMAS PHARMACEUTICALS,Ilotycin,5MG/GM,Generic,Erythromycin Ophth Oint 5 MG/GM,5.4100
Erythromycin Tab 500 MG,30,ZYDUS PHARMACEUTICALS (USA),Ery-Tab,500MG,Generic,Erythromycin Tab 500 MG,2.0000
Escitalopram Oxalate Tab 10 MG (Base Equiv),1000,JUBILANT CADISTA,Lexapro,10MG,Generic,Escitalopram Oxalate Tab 10 MG (Base Equiv),0.0200
Escitalopram Oxalate Tab 5 MG (Base Equiv),1000,SOLCO HEALTHCARE,Lexapro,5MG,Generic,Escitalopram Oxalate Tab 5 MG (Base Equiv),0.0200
Esomeprazole Magnesium Cap Delayed Release 20 MG (Base Eq),30,BIOCON PHARMA,Nexium,20MG,Generic,Esomeprazole Magnesium Cap Delayed Release 20 MG (Base Eq),0.0600
Esomeprazole Magnesium Cap Delayed Release 40 MG (Base Eq),30,BIOCON PHARMA,Nexium,40MG,Generic,Esomeprazole Magnesium Cap Delayed Release 40 MG (Base Eq),0.0500
Estradiol  Norethindrone Acetate Tab 0.5-0.1 MG,28,INGENUS PHARMACEUTICALS,Activella,0.5-0.1MG,Generic,Estradiol & Norethindrone Acetate Tab 0.5-0.1 MG,0.2500
Estradiol Tab 1 MG,500,ANI  PHARMACEUTICALS,Estrace,1MG,Generic,Estradiol Tab 1 MG,0.0400
Estradiol TD Gel 0.5 MG/0.5GM (0.1%),30,XIROMED,Divigel,0.5MG/0.5GM,Generic,Estradiol TD Gel 0.5 MG/0.5GM (0.1%),1.4500
Estradiol TD Gel 0.75 MG/0.75GM (0.1%),30,PADAGIS,Divigel,0.75MG/0.75GM,Generic,Estradiol TD Gel 0.75 MG/0.75GM (0.1%),0.8100
Estradiol TD Gel 0.75 MG/0.75GM (0.1%),30,XIROMED,Divigel,0.75MG/0.75GM,Generic,Estradiol TD Gel 0.75 MG/0.75GM (0.1%),1.2700
Estradiol TD Patch Twice Weekly 0.075 MG/24HR,8,SANDOZ,Estraderm,0.075MG/24HR,Generic,Estradiol TD Patch Twice Weekly 0.075 MG/24HR,5.9400
Ethosuximide Cap 250 MG,100,STRIDES PHARMA,Zarontin,250MG,Generic,Ethosuximide Cap 250 MG,0.2600
Etodolac Cap 200 MG,100,ANI  PHARMACEUTICALS,Lodine,200MG,Generic,Etodolac Cap 200 MG,0.1600
Etodolac Cap 300 MG,100,ANI  PHARMACEUTICALS,Lodine,300MG,Generic,Etodolac Cap 300 MG,0.1800
Etodolac Tab ER 24HR 400 MG,100,SUN PHARMACEUTICALS,Lodine,400MG,Generic,Etodolac Tab ER 24HR 400 MG,0.2200
Etodolac Tab ER 24HR 600 MG,100,SUN PHARMACEUTICALS,Lodine,600MG,Generic,Etodolac Tab ER 24HR 600 MG,0.3000
Etravirine Tab 100 MG,120,LEADING PHARMA,Intelence,100MG,Generic,Etravirine Tab 100 MG,4.7300
Everolimus Tab 10 MG,30,HIKMA PHARMACEUTICALS USA,Afinitor,10MG,Generic,Everolimus Tab 10 MG,9.7500
Everolimus Tab 5 MG,30,HIKMA PHARMACEUTICALS USA,Afinitor,5MG,Generic,Everolimus Tab 5 MG,6.5200
Everolimus Tab 7.5 MG,30,BRECKENRIDGE,Afinitor,7.5MG,Generic,Everolimus Tab 7.5 MG,11.6500
Ezetimibe-Simvastatin Tab 10-80 MG,90,ASCEND LABORATORIES,Vytorin,10-80MG,Generic,Ezetimibe-Simvastatin Tab 10-80 MG,0.1200
Famciclovir Tab 500 MG,30,RISING PHARMACEUTICALS,Famvir,500MG,Generic,Famciclovir Tab 500 MG,0.2000
Famotidine Tab 20 MG,100,LIFESTAR PHARMA,Pepcid,20MG,Generic,Famotidine Tab 20 MG,0.0100
Famotidine Tab 40 MG,100,LIFESTAR PHARMA,Pepcid,40MG,Generic,Famotidine Tab 40 MG,0.0200
Febuxostat Tab 40 MG,30,SUN PHARMACEUTICALS,Uloric,40MG,Generic,Febuxostat Tab 40 MG,0.2000
Felodipine Tab ER 24HR 2.5 MG,100,AVET PHARMACEUTICALS,Plendil,2.5MG,Generic,Felodipine Tab ER 24HR 2.5 MG,0.0400
Felodipine Tab ER 24HR 2.5 MG,100,TORRENT PHARMACEUTICALS,Plendil,2.5MG,Generic,Felodipine Tab ER 24HR 2.5 MG,0.0200
Felodipine Tab ER 24HR 5 MG,100,TORRENT PHARMACEUTICALS,Plendil,5MG,Generic,Felodipine Tab ER 24HR 5 MG,0.0500
Fenofibrate Micronized Cap 130 MG,90,SUN PHARMACEUTICALS,Tricor,130MG,Generic,Fenofibrate Micronized Cap 130 MG,0.1900
Fenofibrate Micronized Cap 134 MG,100,TORRENT PHARMACEUTICALS,LoFibra,134MG,Generic,Fenofibrate Micronized Cap 134 MG,0.0400
Fenofibrate Micronized Cap 43 MG,30,SUN PHARMACEUTICALS,Tricor,43MG,Generic,Fenofibrate Micronized Cap 43 MG,0.1200
Fenofibrate Tab 160 MG,500,WESTMINSTER PHARMACEUTICALS,LoFibra,160MG,Generic,Fenofibrate Tab 160 MG,0.0300
Fenofibrate Tab 160 MG,90,WESTMINSTER PHARMACEUTICALS,LoFibra,160MG,Generic,Fenofibrate Tab 160 MG,0.0400
Ferrous Fumarate Tab 324 MG (106 MG Elemental Fe),100,WESTMINSTER PHARMACEUTICALS,Ferrocite,324MG,Generic,Ferrous Fumarate Tab 324 MG (106 MG Elemental Fe),0.0700
Ferrous Sulfate Drops LIQD,50 ML,false,Fer-In-Sol,,Generic,,0.0600
Ferrous Sulfate Soln 220 MG/5ML (44 MG/5ML Elemental Fe),473 ML,SILARX,Fer-In- Sol,220 (44 Fe)MG/5ML,Generic,Ferrous Sulfate Soln 220 MG/5ML (44 MG/5ML Elemental Fe),0.0200
Fesoterodine Fumarate Tab ER 24HR 4 MG,30,CAMBER PHARMACEUTICALS,Toviaz,4MG,Generic,Fesoterodine Fumarate Tab ER 24HR 4 MG,0.3300
Fesoterodine Fumarate Tab ER 24HR 8 MG,30,CAMBER PHARMACEUTICALS,Toviaz,8MG,Generic,Fesoterodine Fumarate Tab ER 24HR 8 MG,0.2900
Fingolimod HCl Cap 0.5 MG (Base Equiv),30,"DR.REDDY'S LABORATORIES, INC.",Gilenya,0.5MG,Generic,Fingolimod HCl Cap 0.5 MG (Base Equiv),1.8800
Fluconazole Tab 100 MG,30,"DR.REDDY'S LABORATORIES, INC.",Diflucan,100MG,Generic,Fluconazole Tab 100 MG,0.2400
Fluconazole Tab 150 MG,12,"DR.REDDY'S LABORATORIES, INC.",Diflucan,150MG,Generic,Fluconazole Tab 150 MG,0.3500
Fluocinolone Acetonide Oil 0.01% (Scalp Oil),118.3 ML,PADAGIS,Derma-Smoothe,0.01%,Generic,Fluocinolone Acetonide Oil 0.01% (Scalp Oil),0.0700
Fluocinonide Cream 0.05%,15 GM,SUN PHARMACEUTICALS,Lidex,0.05%,Generic,Fluocinonide Cream 0.05%,0.4700
Fluorometholone Ophth Susp 0.1%,10 ML,AMNEAL PHARMACEUTICALS,FML Liquifilm,0.1%,Generic,Fluorometholone Ophth Susp 0.1%,10.2300
Fluorouracil IV Soln 2.5 GM/50ML (50 MG/ML),50 ML,MEITHEAL PHARMACEUTICALS,Efudex,2.5GM/50ML,Generic,Fluorouracil IV Soln 2.5 GM/50ML (50 MG/ML),0.2300
Fluorouracil IV Soln 2.5 GM/50ML (50 MG/ML),50 ML,XIROMED,Efudex,2.5GM/50ML,Generic,Fluorouracil IV Soln 2.5 GM/50ML (50 MG/ML),0.2300
Fluorouracil IV Soln 500 MG/10ML (50 MG/ML),10 ML X 10,XIROMED,Adrucil,500MG/10ML,Generic,Fluorouracil IV Soln 500 MG/10ML (50 MG/ML),2.4500
Fluoxetine HCl Tab 10 MG,30,LUPIN PHARMACEUTICALS,Prozac,10MG,Generic,Fluoxetine HCl Tab 10 MG,0.0300
Fluphenazine HCl Tab 10 MG,500,LANNETT,Prolixin,10MG,Generic,Fluphenazine HCl Tab 10 MG,0.2100
Fluphenazine HCl Tab 1 MG,100,AJANTA PHARMA LIMITED,Prolixin,1MG,Generic,Fluphenazine HCl Tab 1 MG,0.0500
Fluphenazine HCl Tab 1 MG,100,AUROBINDO PHARMA,Prolixin,1MG,Generic,Fluphenazine HCl Tab 1 MG,0.0300
Fluphenazine HCl Tab 1 MG,100,UPSHER-SMITH,Prolixin,1MG,Generic,Fluphenazine HCl Tab 1 MG,0.0800
Fluphenazine HCl Tab 2.5 MG,100,AJANTA PHARMA LIMITED,Prolixin,2.5MG,Generic,Fluphenazine HCl Tab 2.5 MG,0.0500
Flurandrenolide Lotion 0.05%,120 ML,PADAGIS,Cordran,0.05%,Generic,Flurandrenolide Lotion 0.05%,0.7300
Fluticasone Propionate Cream 0.05%,60 GM,PADAGIS,Cutivate,0.05%,Generic,Fluticasone Propionate Cream 0.05%,0.2100
Fluticasone Propionate Oint 0.005%,15 GM,PADAGIS,Cutivate,0.005%,Generic,Fluticasone Propionate Oint 0.005%,0.2300
Fluticasone Propionate Oint 0.005%,30 GM,PADAGIS,Cutivate,0.005%,Generic,Fluticasone Propionate Oint 0.005%,0.2000
Fluticasone Propionate Oint 0.005%,60 GM,PADAGIS,Cutivate,0.005%,Generic,Fluticasone Propionate Oint 0.005%,0.1400
Folivane-Plus CAPS,90,TRIGEN LABORATORIES,Folivane,,Trademarked,*Fe Fum-Iron Polysacch Complex-FA-B Complex-C-Biotin Cap***,0.3600
Furosemide Tab 80 MG,100,HIKMA PHARMACEUTICALS USA,Lasix,80MG,Generic,Furosemide Tab 80 MG,0.0200
Gabapentin Cap 100 MG,1000,AVET PHARMACEUTICALS,Neurontin,100MG,Generic,Gabapentin Cap 100 MG,0.0100
Gabapentin Cap 100 MG,1000,LAURUS LABS PRIVATE LIMITED,Neurontin,100MG,Generic,Gabapentin Cap 100 MG,0.0100
Gabapentin Cap 300 MG,100,RISING PHARMACEUTICALS,Neurontin,300MG,Generic,Gabapentin Cap 300 MG,0.0300
Gabapentin Cap 300 MG,500,WESTMINSTER PHARMACEUTICALS,Neurontin,300MG,Generic,Gabapentin Cap 300 MG,0.0300
Gabapentin Cap 400 MG,1000,SUN PHARMACEUTICALS,Neurontin,400MG,Generic,Gabapentin Cap 400 MG,0.0300
Gabapentin (Once-Daily) Tab 600 MG,90,CAMBER PHARMACEUTICALS,,600MG,Generic,Gabapentin (Once-Daily) Tab 600 MG,0.5900
Gabapentin Tab 600 MG,500,WESTMINSTER PHARMACEUTICALS,Neurontin,600MG,Generic,Gabapentin Tab 600 MG,0.0400
Gabapentin Tab 600 MG,90,EXELAN PHARMACEUTICALS,Neurontin,600MG,Generic,Gabapentin Tab 600 MG,0.0200
Ganirelix Acetate Soln Prefilled Syringe 250 MCG/0.5ML,0.5 ML,XIROMED,Ganirelix Acetate,250MCG/0.5ML,Generic,Ganirelix Acetate Soln Prefilled Syringe 250 MCG/0.5ML,12.1500
Gemcitabine HCl For Inj 200 MG,1,MEITHEAL PHARMACEUTICALS,Gemzar,200MG,Generic,Gemcitabine HCl For Inj 200 MG,4.9800
Gemfibrozil Tab 600 MG,60,EXELAN PHARMACEUTICALS,Lopid,600MG,Generic,Gemfibrozil Tab 600 MG,0.0600
Glimepiride Tab 4 MG,100,RISING PHARMACEUTICALS,Amaryl,4MG,Generic,Glimepiride Tab 4 MG,0.0200
Glipizide-Metformin HCl Tab 5-500 MG,100,AVET PHARMACEUTICALS,Metaglip,5-500MG,Generic,Glipizide-Metformin HCl Tab 5-500 MG,0.0400
Glipizide Tab 10 MG,100,APOTEX,Glucotrol,10MG,Generic,Glipizide Tab 10 MG,0.1200
Glipizide Tab ER 24HR 2.5 MG,30,AUROBINDO PHARMA,Glucotrol XL,2.5MG,Generic,Glipizide Tab ER 24HR 2.5 MG,0.0400
Glutose 15 GEL 40 %,37.5 GM X 3,PADAGIS,Glutol,40%,Trademarked,Glucose Gel 40%,0.2800
Glyburide Tab 2.5 MG,100,AVET PHARMACEUTICALS,Micronase,2.5MG,Generic,Glyburide Tab 2.5 MG,0.0100
Glycopyrrolate Inj 0.2 MG/ML,1 ML X 25,HIKMA PHARMACEUTICALS USA,Robinul,0.2MG/ML,Generic,Glycopyrrolate Inj 0.2 MG/ML,33.2000
Glycopyrrolate Inj 1 MG/5ML (0.2 MG/ML),5 ML X 25,MEITHEAL PHARMACEUTICALS,Robinul,1MG/5ML,Generic,Glycopyrrolate Inj 1 MG/5ML (0.2 MG/ML),6.5400
Glycopyrrolate Inj 4 MG/20ML (0.2 MG/ML),20 ML X 10,XIROMED,Robinul,4MG/20ML,Generic,Glycopyrrolate Inj 4 MG/20ML (0.2 MG/ML),2.9500
Glycopyrrolate Tab 2 MG,100,AUROBINDO PHARMA USA,Robinul,2MG,Generic,Glycopyrrolate Tab 2 MG,0.0600
Good Sense ALCOHOL PREP SWABS STERILE 70%,100,false,,70%,Generic,Good Sense ALCOHOL PREP SWABS STERILE 70%,0.0100
Goodsense Electrolight Grape 1 LTR 1000 Ml,1,false,Pedialyte Grape,,Generic,,2.5500
GoodSense Electrolyte Unflavored,1000 ML,false,Pedialyte Unflavored,,Generic,GoodSense Electrolyte Unflavored,0.0000
GoodSense Lubricating Plus PF SOLN 0.5 %,30,GEISS DESTIN & DUNN,Refresh Plus Lubricant Eye Drops,0.5%,Brand,Carboxymethylcellulose Sodium (PF) Ophth Soln 0.5%,0.2400
Griseofulvin Microsize Susp 125 MG/5ML,118 ML,COSETTE PHARMACEUTICALS,Grifulvin V,125MG/5ML,Generic,Griseofulvin Microsize Susp 125 MG/5ML,0.2000
"GS Analgesic 3oz Cream, 40 %",90,"Perrigo Direct, Inc",,40%,Generic,GS Analgesic 3oz Cream,0.0100
Guanfacine HCl Tab ER 24HR 1 MG (Base Equiv),100,SUN PHARMACEUTICALS,Intuniv ER,1MG,Generic,Guanfacine HCl Tab ER 24HR 1 MG (Base Equiv),0.0600
Haloperidol Decanoate IM Soln 100 MG/ML,1 ML,SOMERSET THERAPEUTICS,Haldol,100MG/ML,Generic,Haloperidol Decanoate IM Soln 100 MG/ML,16.5400
Haloperidol Decanoate IM Soln 100 MG/ML,1 ML X 10,MEITHEAL PHARMACEUTICALS,Haldol,100MG/ML,Generic,Haloperidol Decanoate IM Soln 100 MG/ML,20.9600
Haloperidol Decanoate IM Soln 100 MG/ML,1 ML X 5,SOMERSET THERAPEUTICS,Haldol,100MG/ML,Generic,Haloperidol Decanoate IM Soln 100 MG/ML,85.0000
Haloperidol Decanoate IM Soln 100 MG/ML,5 ML,SOMERSET THERAPEUTICS,Haldol,100MG/ML,Generic,Haloperidol Decanoate IM Soln 100 MG/ML,12.2300
Haloperidol Decanoate IM Soln 50 MG/ML,1 ML,SOMERSET THERAPEUTICS,Haldol,50MG/ML,Generic,Haloperidol Decanoate IM Soln 50 MG/ML,13.1500
Haloperidol Decanoate IM Soln 50 MG/ML,1 ML X 10,SOMERSET THERAPEUTICS,Haldol,50MG/ML,Generic,Haloperidol Decanoate IM Soln 50 MG/ML,84.9700
Haloperidol Lactate Oral Conc 2 MG/ML,15 ML,SILARX,Haldol,2MG/ML,Generic,Haloperidol Lactate Oral Conc 2 MG/ML,0.7000
Hematinic/Folic Acid TABS 324-1 MG,100,CYPRESS PHARMACEUTICAL,Hematinic/Folic Acid,324-1MG,Brand,Ferrous Fumarate-Folic Acid Tab 324-1 MG,0.3000
Hematinic Plus Vit/Minerals TABS 106-1 MG,100,CYPRESS PHARMACEUTICAL,Ferrocite Plus,106-1MG,Brand,*Ferrous Fumarate-FA-B Complex-C-Zn-Mg-Mn-Cu Tab 106-1 MG***,0.2400
Hemmorex-HC SUPP 30 MG,12,LASER PHARMACEUTICALS,Anusol-HC,30MG,Trademarked,Hydrocortisone Acetate Suppos 30 MG,2.6200
Hemorrhoidal SUPP 88.7-0.25 %,12,MAJOR PHARMACEUTICALS,HEMORRHOIDAL SUPPOSITORIES,88.7-0.25%,Brand,Phenylephrine in Hard Fat Rectal Suppos 0.25%,0.2200
Heparin Sodium (Porcine) Inj 10000 Unit/ML,1 ML X 25,MEITHEAL PHARMACEUTICALS,Heparin,10000UNIT/ML,Generic,Heparin Sodium (Porcine) Inj 10000 Unit/ML,17.5900
Heparin Sodium (Porcine) Inj 5000 Unit/ML,1 ML X 25,MEITHEAL PHARMACEUTICALS,Heparin,5000UNIT/ML,Generic,Heparin Sodium (Porcine) Inj 5000 Unit/ML,7.7200
Hydralazine HCl Tab 10 MG,1000,AVET PHARMACEUTICALS,Apresoline,10MG,Generic,Hydralazine HCl Tab 10 MG,0.0100
Hydralazine HCl Tab 25 MG,1000,AVET PHARMACEUTICALS,Apresoline,25MG,Generic,Hydralazine HCl Tab 25 MG,0.0200
Hydrocerin CREA,454 GM,AKRON PHARMA,,,Brand,*Skin Protectants Misc - Cream***,0.0000
Hydrochlorothiazide Tab 50 MG,100,ACCORD HEALTHCARE,Microzide,50MG,Generic,Hydrochlorothiazide Tab 50 MG,0.0100
Hydrochlorothiazide Tab 50 MG,1000,ACCORD HEALTHCARE,Microzide,50MG,Generic,Hydrochlorothiazide Tab 50 MG,0.0100
Hydrocortisone Oint 1%,28 GM,PADAGIS,Cortef,1%,Generic,Hydrocortisone Oint 1%,0.0700
Hydrocortisone w/ Acetic Acid Otic Soln 1-2%,10 ML,COSETTE PHARMACEUTICALS,Acetasol HC,1-2%,Generic,Hydrocortisone w/ Acetic Acid Otic Soln 1-2%,4.2400
Hydroxyzine HCl Syrup 10 MG/5ML,473 ML,CHARTWELL RX,Atarax,10MG/5ML,Generic,Hydroxyzine HCl Syrup 10 MG/5ML,0.9000
Hydroxyzine HCl Tab 10 MG,500,AVET PHARMACEUTICALS,Atarax,10MG,Generic,Hydroxyzine HCl Tab 10 MG,0.0100
Hydroxyzine HCl Tab 25 MG,1000,AUROBINDO PHARMA,Atarax,25MG,Generic,Hydroxyzine HCl Tab 25 MG,0.0100
Hyosyne ELIX 0.125 MG/5ML,473 ML,SILARX,,0.125MG/5ML,Brand,Hyoscyamine Sulfate Elixir 0.125 MG/5ML,0.0400
Ibuprofen Susp 100 MG/5ML,473 ML,PADAGIS,Motrin,100MG/5ML,Generic,Ibuprofen Susp 100 MG/5ML,0.0100
Ibuprofen Tab 200 MG,1000,GERI-CARE,Motrin,200MG,Generic,Ibuprofen Tab 200 MG,0.0100
Ibuprofen Tab 200 MG,2 X 50,RUGBY LABORATORIES,Motrin,200MG,Generic,Ibuprofen Tab 200 MG,2.8800
iHealth COVID-19 Rapid Test 2 Pack KIT,1 X 2,IHEALTH,,,Trademarked,COVID-19 At Home Antigen Test Kit,4.2400
Imipramine HCl Tab 10 MG,100,OXFORD PHARMACEUTICALS,Tofranil,10MG,Generic,Imipramine HCl Tab 10 MG,0.0300
Imipramine HCl Tab 10 MG,1000,OXFORD PHARMACEUTICALS,Tofranil,10MG,Generic,Imipramine HCl Tab 10 MG,0.0300
Imipramine HCl Tab 25 MG,100,LEADING PHARMA,Tofranil,25MG,Generic,Imipramine HCl Tab 25 MG,0.0600
Imipramine HCl Tab 25 MG,1000,OXFORD PHARMACEUTICALS,Tofranil,25MG,Generic,Imipramine HCl Tab 25 MG,0.0300
Indapamide Tab 2.5 MG,100,RISING PHARMACEUTICALS,Lozol,2.5MG,Generic,Indapamide Tab 2.5 MG,0.0300
Indomethacin Cap ER 75 MG,100,CAMBER PHARMACEUTICALS,Indocin SR,75MG,Generic,Indomethacin Cap ER 75 MG,0.0500
Iodoquinol-HC Cream 1-1%,28.4 GM,WESTMINSTER PHARMACEUTICALS,Vytone,1-1%,Generic,Iodoquinol-HC Cream 1-1%,0.8200
Ipratropium Bromide Inhal Soln 0.02%,2.5 ML X 25,NEPHRON PHARMACEUTICALS CORP.,Atrovent,0.02%,Generic,Ipratropium Bromide Inhal Soln 0.02%,3.0200
Ipratropium Bromide Inhal Soln 0.02%,2.5 ML X 30,NEPHRON PHARMACEUTICALS CORP.,Atrovent,0.02%,Generic,Ipratropium Bromide Inhal Soln 0.02%,3.7300
Ipratropium Bromide Inhal Soln 0.02%,2.5 ML X 30,RITEDOSE PHARMACEUTICALS,Atrovent,0.02%,Generic,Ipratropium Bromide Inhal Soln 0.02%,4.0000
Irbesartan Tab 75 MG,90,UNICHEM PHARMACEUTICALS,Avapro,75MG,Generic,Irbesartan Tab 75 MG,0.0200
Iron 100/C TABS 100-250 MG,100,CYPRESS PHARMACEUTICAL,Iron/Vitamin C,100-250MG,Brand,Iron-Vitamin C Tab 100-250 MG,0.1300
Isosorbide Dinitrate Tab 20 MG,100,HIKMA PHARMACEUTICALS USA,Isordil,20MG,Generic,Isosorbide Dinitrate Tab 20 MG,0.0500
Itraconazole Oral Soln 10 MG/ML,150 ML,CAMBER PHARMACEUTICALS,Sporanox,10MG/ML,Generic,Itraconazole Oral Soln 10 MG/ML,0.6500
Ivermectin Cream 1%,45 GM,PADAGIS,Soolantra,1%,Generic,Ivermectin Cream 1%,1.9700
Ketoconazole Foam 2%,50 GM,PADAGIS,Extina,2%,Generic,Ketoconazole Foam 2%,3.6500
Ketoconazole Shampoo 2%,120 ML,PADAGIS,Nizoral,2%,Generic,Ketoconazole Shampoo 2%,0.0300
Ketorolac Tromethamine IM Inj 60 MG/2ML (30 MG/ML),2 ML X 25,SOLA PHARMACEUTICALS,Toradol,60MG/2ML,Generic,Ketorolac Tromethamine IM Inj 60 MG/2ML (30 MG/ML),7.2400
Ketorolac Tromethamine Inj 30 MG/ML,1 ML X 25,FOSUN PHARMA USA,Toradol,30MG/ML,Generic,Ketorolac Tromethamine Inj 30 MG/ML,31.0000
Ketorolac Tromethamine Inj 30 MG/ML,1 ML X 25,SOLA PHARMACEUTICALS,Toradol,30MG/ML,Generic,Ketorolac Tromethamine Inj 30 MG/ML,15.6800
Ketorolac Tromethamine Ophth Soln 0.5%,5 ML,SOLA PHARMACEUTICALS,Acular,0.5%,Generic,Ketorolac Tromethamine Ophth Soln 0.5%,0.5900
Ketorolac Tromethamine Tab 10 MG,100,"DR.REDDY'S LABORATORIES, INC.",Toradol,10MG,Generic,Ketorolac Tromethamine Tab 10 MG,0.0600
Leucovorin Calcium For Inj 50 MG,1,MEITHEAL PHARMACEUTICALS,,50MG,Generic,Leucovorin Calcium For Inj 50 MG,4.5500
Leucovorin Calcium Tab 15 MG,24,LEADING PHARMA,Leucovorin Calcium Novaplus,15MG,Generic,Leucovorin Calcium Tab 15 MG,1.9900
Leucovorin Calcium Tab 5 MG,100,INGENUS PHARMACEUTICALS,"""Leucovorin Calcium Novaplus,""",5MG,Generic,Leucovorin Calcium Tab 5 MG,0.1400
Leuprolide Acetate Inj Kit 1 MG/0.2ML (5 MG/ML),1,SUN PHARMACEUTICALS,,1MG/0.2ML,Generic,Leuprolide Acetate Inj Kit 1 MG/0.2ML (5 MG/ML),78.5500
Levalbuterol HCl Soln Nebu 0.63 MG/3ML (Base Equiv),3 ML X 25,AMNEAL PHARMACEUTICALS,Xopenex Inhalation Soln,0.63MG/3ML,Generic,Levalbuterol HCl Soln Nebu 0.63 MG/3ML (Base Equiv),3.7400
Levalbuterol HCl Soln Nebu 1.25 MG/3ML (Base Equiv),3 ML X 25,AMNEAL PHARMACEUTICALS,Xopenex Inhalation Soln,1.25MG/3ML,Generic,Levalbuterol HCl Soln Nebu 1.25 MG/3ML (Base Equiv),3.2800
Levetiracetam Inj 500 MG/5ML (100 MG/ML),5 ML X 25,NOVADOZ PHARMACEUTICALS,Keppra,500MG/5ML,Generic,Levetiracetam Inj 500 MG/5ML (100 MG/ML),2.0000
Levetiracetam Tab 250 MG,120,RISING PHARMACEUTICALS,Keppra,250MG,Generic,Levetiracetam Tab 250 MG,0.0100
Levetiracetam Tab 500 MG,120,RISING PHARMACEUTICALS,Keppra,500MG,Generic,Levetiracetam Tab 500 MG,0.0200
Levofloxacin Oral Soln 25 MG/ML,100 ML,ANI  PHARMACEUTICALS,Levaquin,25MG/ML,Generic,Levofloxacin Oral Soln 25 MG/ML,1.3000
Levofloxacin Oral Soln 25 MG/ML,200 ML,ANI  PHARMACEUTICALS,Levaquin,25MG/ML,Generic,Levofloxacin Oral Soln 25 MG/ML,1.2400
Levofloxacin Oral Soln 25 MG/ML,480 ML,ANI  PHARMACEUTICALS,Levaquin,25MG/ML,Generic,Levofloxacin Oral Soln 25 MG/ML,1.3200
Levothyroxine Sodium Tab 100 MCG,100,LUPIN PHARMACEUTICALS,Synthroid,100MCG,Generic,Levothyroxine Sodium Tab 100 MCG,0.0400
Levothyroxine Sodium Tab 100 MCG,1000,ACCORD HEALTHCARE,Synthroid,100MCG,Generic,Levothyroxine Sodium Tab 100 MCG,0.0100
Levothyroxine Sodium Tab 100 MCG,90,ACCORD HEALTHCARE,Synthroid,100MCG,Generic,Levothyroxine Sodium Tab 100 MCG,0.0300
Levothyroxine Sodium Tab 112 MCG,1000,MACLEODS PHARMACEUTICALS,Synthroid,112MCG,Generic,Levothyroxine Sodium Tab 112 MCG,0.0100
Levothyroxine Sodium Tab 125 MCG,1000,ACCORD HEALTHCARE,Synthroid,125MCG,Generic,Levothyroxine Sodium Tab 125 MCG,0.0100
Levothyroxine Sodium Tab 125 MCG,90,ACCORD HEALTHCARE,Synthroid,125MCG,Generic,Levothyroxine Sodium Tab 125 MCG,0.0200
Levothyroxine Sodium Tab 137 MCG,100,LUPIN PHARMACEUTICALS,Synthroid,137MCG,Generic,Levothyroxine Sodium Tab 137 MCG,0.0300
Levothyroxine Sodium Tab 150 MCG,1000,MACLEODS PHARMACEUTICALS,Synthroid,150MCG,Generic,Levothyroxine Sodium Tab 150 MCG,0.0200
Levothyroxine Sodium Tab 175 MCG,1000,LUPIN PHARMACEUTICALS,Synthroid,175MCG,Generic,Levothyroxine Sodium Tab 175 MCG,0.0400
Levothyroxine Sodium Tab 175 MCG,1000,TEVA PHARMACEUTICALS,Synthroid,175MCG,Generic,Levothyroxine Sodium Tab 175 MCG,0.0300
Levothyroxine Sodium Tab 175 MCG,90,ACCORD HEALTHCARE,Synthroid,175MCG,Generic,Levothyroxine Sodium Tab 175 MCG,0.0200
Levothyroxine Sodium Tab 200 MCG,1000,ACCORD HEALTHCARE,Synthroid,200MCG,Generic,Levothyroxine Sodium Tab 200 MCG,0.0200
Levothyroxine Sodium Tab 200 MCG,1000,TEVA PHARMACEUTICALS,Synthroid,200MCG,Generic,Levothyroxine Sodium Tab 200 MCG,0.0200
Levothyroxine Sodium Tab 200 MCG,90,ACCORD HEALTHCARE,Synthroid,200MCG,Generic,Levothyroxine Sodium Tab 200 MCG,0.0400
Levothyroxine Sodium Tab 25 MCG,1000,ACCORD HEALTHCARE,Synthroid,25MCG,Generic,Levothyroxine Sodium Tab 25 MCG,0.0100
Levothyroxine Sodium Tab 25 MCG,1000,MACLEODS PHARMACEUTICALS,Synthroid,25MCG,Generic,Levothyroxine Sodium Tab 25 MCG,0.0100
Levothyroxine Sodium Tab 25 MCG,90,ACCORD HEALTHCARE,Synthroid,25MCG,Generic,Levothyroxine Sodium Tab 25 MCG,0.0200
Levothyroxine Sodium Tab 300 MCG,90,ACCORD HEALTHCARE,Synthroid,300MCG,Generic,Levothyroxine Sodium Tab 300 MCG,0.0400
Levothyroxine Sodium Tab 50 MCG,1000,MACLEODS PHARMACEUTICALS,Synthroid,50MCG,Generic,Levothyroxine Sodium Tab 50 MCG,0.0100
Levothyroxine Sodium Tab 75 MCG,1000,MACLEODS PHARMACEUTICALS,Synthroid,75MCG,Generic,Levothyroxine Sodium Tab 75 MCG,0.0100
Levothyroxine Sodium Tab 75 MCG,90,ACCORD HEALTHCARE,Synthroid,75MCG,Generic,Levothyroxine Sodium Tab 75 MCG,0.0200
Levothyroxine Sodium Tab 88 MCG,1000,MACLEODS PHARMACEUTICALS,Synthroid,88MCG,Generic,Levothyroxine Sodium Tab 88 MCG,0.0100
Levothyroxine Sodium Tab 88 MCG,90,ACCORD HEALTHCARE,Synthroid,88MCG,Generic,Levothyroxine Sodium Tab 88 MCG,0.0200
Lidocaine HCl Viscous Soln 2%,100 ML,ADVAGEN PHARMA,Xylocaine,2%,Generic,Lidocaine HCl Viscous Soln 2%,0.1000
Lidocaine Oint 5%,30 GM,MACLEODS PHARMACEUTICALS,Lidoderm,5%,Generic,Lidocaine Oint 5%,0.1100
Lidocaine Oint 5%,30 GM,SUN PHARMACEUTICALS,Lidoderm,5%,Generic,Lidocaine Oint 5%,0.2100
Lidocaine-Prilocaine Cream 2.5-2.5%,30 GM,ENCUBE ETHICALS,Emla,2.5-2.5%,Generic,Lidocaine-Prilocaine Cream 2.5-2.5%,0.1000
Liothyronine Sodium Tab 25 MCG,100,SUN PHARMACEUTICALS,Cytomel,25MCG,Generic,Liothyronine Sodium Tab 25 MCG,0.0900
Lisinopril  Hydrochlorothiazide Tab 20-12.5 MG,100,SOLCO HEALTHCARE,Zestoretic,20-12.5MG,Generic,Lisinopril & Hydrochlorothiazide Tab 20-12.5 MG,0.0300
Lisinopril  Hydrochlorothiazide Tab 20-25 MG,100,SOLCO HEALTHCARE,Zestoretic,20-25MG,Generic,Lisinopril & Hydrochlorothiazide Tab 20-25 MG,0.0400
Lisinopril  Hydrochlorothiazide Tab 20-25 MG,500,SOLCO HEALTHCARE,Zestoretic,20-25MG,Generic,Lisinopril & Hydrochlorothiazide Tab 20-25 MG,0.0300
Lisinopril Tab 10 MG,1000,AVET PHARMACEUTICALS,Zestril,10MG,Generic,Lisinopril Tab 10 MG,0.0100
Lisinopril Tab 20 MG,1000,AVET PHARMACEUTICALS,Zestril,20MG,Generic,Lisinopril Tab 20 MG,0.0100
Lisinopril Tab 2.5 MG,100,AVET PHARMACEUTICALS,Zestril,2.5MG,Generic,Lisinopril Tab 2.5 MG,0.0100
Lisinopril Tab 2.5 MG,500,AVET PHARMACEUTICALS,Zestril,2.5MG,Generic,Lisinopril Tab 2.5 MG,0.0100
Lisinopril Tab 30 MG,500,AVET PHARMACEUTICALS,Zestril,30MG,Generic,Lisinopril Tab 30 MG,0.0100
Lisinopril Tab 40 MG,100,AVET PHARMACEUTICALS,Zestril,40MG,Generic,Lisinopril Tab 40 MG,0.0300
Lisinopril Tab 40 MG,1000,AVET PHARMACEUTICALS,Zestril,40MG,Generic,Lisinopril Tab 40 MG,0.0200
Lisinopril Tab 5 MG,1000,AVET PHARMACEUTICALS,Zestril,5MG,Generic,Lisinopril Tab 5 MG,0.0100
Lithium Carbonate Cap 150 MG,100,GLENMARK PHARMACEUTICALS,Eskalith,150MG,Generic,Lithium Carbonate Cap 150 MG,0.0700
Lithium Carbonate Cap 300 MG,100,HIKMA PHARMACEUTICALS USA,Eskalith,300MG,Generic,Lithium Carbonate Cap 300 MG,0.0500
Loperamide-Simethicone Tab 2-125 MG,24,CAMBER CONSUMER CARE,Imodium,2-125MG,Generic,Loperamide-Simethicone Tab 2-125 MG,0.1700
Lopinavir-Ritonavir Tab 200-50 MG,120,CAMBER PHARMACEUTICALS,Kaletra,200-50MG,Generic,Lopinavir-Ritonavir Tab 200-50 MG,2.4000
Loratadine Tab 10 MG,100,CAMBER CONSUMER CARE,Claritin,10MG,Generic,Loratadine Tab 10 MG,0.0200
Loratadine Tab 10 MG,300,MAJOR PHARMACEUTICALS,Claritin,10MG,Generic,Loratadine Tab 10 MG,0.0300
Lorazepam Tab 0.5 MG,500,AUROBINDO PHARMA USA,Ativan,0.5MG,Generic,Lorazepam Tab 0.5 MG,0.0300
Losartan Potassium  Hydrochlorothiazide Tab 50-12.5 MG,1000,MACLEODS PHARMACEUTICALS,Hyzaar,50-12.5MG,Generic,Losartan Potassium & Hydrochlorothiazide Tab 50-12.5 MG,0.0600
Losartan Potassium  Hydrochlorothiazide Tab 50-12.5 MG,90,LUPIN PHARMACEUTICALS,Hyzaar,50-12.5MG,Generic,Losartan Potassium & Hydrochlorothiazide Tab 50-12.5 MG,0.0400
Losartan Potassium Tab 50 MG,1000,ZYDUS PHARMACEUTICALS (USA),Cozaar,50MG,Generic,Losartan Potassium Tab 50 MG,0.0100
Lurasidone HCl Tab 120 MG,30,AMNEAL PHARMACEUTICALS,Latuda,120MG,Generic,Lurasidone HCl Tab 120 MG,0.2600
Lurasidone HCl Tab 20 MG,30,AMNEAL PHARMACEUTICALS,Latuda,20MG,Generic,Lurasidone HCl Tab 20 MG,0.0500
Lurasidone HCl Tab 40 MG,30,AMNEAL PHARMACEUTICALS,Latuda,40MG,Generic,Lurasidone HCl Tab 40 MG,0.1000
Lurasidone HCl Tab 60 MG,30,AMNEAL PHARMACEUTICALS,Latuda,60MG,Generic,Lurasidone HCl Tab 60 MG,0.1400
Lurasidone HCl Tab 80 MG,30,AMNEAL PHARMACEUTICALS,Latuda,80MG,Generic,Lurasidone HCl Tab 80 MG,0.0900
Magnesium Sulfate IV Soln 2 GM/50ML (40 MG/ML),50 ML X 24,SUN PHARMACEUTICALS,Uro-Mag,2GM/50ML,Generic,Magnesium Sulfate IV Soln 2 GM/50ML (40 MG/ML),2.0200
Max Tussin DM CoughChest Cong LIQD 20-200 MG/10ML,236 ML,AKRON PHARMA,Dextromethorphan-Guaifenesin,20-200MG/10ML,Trademarked,Dextromethorphan-Guaifenesin Liquid 10-100 MG/5ML,0.0100
Max Tussin Mucus  Chest Cong LIQD 200 MG/10ML,236 ML,AKRON PHARMA,Robitussin Mucus+Chest Congest,200MG/10ML,Trademarked,Guaifenesin Liquid 100 MG/5ML,0.0100
Meclizine HCl Chew Tab 25 MG,100,RELIABLE 1 LABS,Travel-Ease,25MG,Generic,Meclizine HCl Chew Tab 25 MG,0.0300
Meclizine HCl Tab 12.5 MG,100,RELIABLE 1 LABS,Antivert,12.5MG,Generic,Meclizine HCl Tab 12.5 MG,0.0200
Meclizine HCl Tab 25 MG,100,APNAR PHARMA,Antivert,25MG,Generic,Meclizine HCl Tab 25 MG,0.0200
Medpura Benzoyl Peroxide GEL 10 %,42.5 GM,AKRON PHARMA,MedPura,10%,Trademarked,Benzoyl Peroxide Gel 10%,0.0200
Medpura Benzoyl Peroxide GEL 10 %,90 GM,AKRON PHARMA,MedPura,10%,Trademarked,Benzoyl Peroxide Gel 10%,0.0300
Megestrol Acetate Susp 625 MG/5ML,150 ML,UPSHER-SMITH,Megace ES,625MG/5ML,Generic,Megestrol Acetate Susp 625 MG/5ML,1.0300
Melatonin Gummy 5 MG CHEW 5 MG,120,false,Melatonin Gummy,5MG,Trademarked,,0.0500
Melatonin Tab 1 MG,180,GERI-CARE,Melatonin,1MG,Generic,Melatonin Tab 1 MG,0.0100
Memantine HCl Cap ER 24HR 7 MG,30,ZYDUS PHARMACEUTICALS (USA),Namenda XR,7MG,Generic,Memantine HCl Cap ER 24HR 7 MG,0.1800
Memantine HCl Tab 5 MG,60,SUN PHARMACEUTICALS,Namenda,5MG,Generic,Memantine HCl Tab 5 MG,0.0500
Mesalamine Cap ER 24HR 0.375 GM,120,ASCEND LABORATORIES,Apriso,0.375GM,Generic,Mesalamine Cap ER 24HR 0.375 GM,0.2900
Mesalamine Enema 4 GM,60 ML X 7,PADAGIS,Rowasa,4GM,Generic,Mesalamine Enema 4 GM,0.2500
Mesalamine Tab Delayed Release 800 MG,180,ZYDUS PHARMACEUTICALS (USA),Lialda,800MG,Generic,Mesalamine Tab Delayed Release 800 MG,6.4100
Metaxalone Tab 400 MG,100,AMNEAL PHARMACEUTICALS,Skelaxin,400MG,Generic,Metaxalone Tab 400 MG,3.9200
Metformin HCl Oral Soln 500 MG/5ML,473 ML,VISTAPHARM INC.,Glumetza,500MG/5ML,Generic,Metformin HCl Oral Soln 500 MG/5ML,0.3900
Metformin HCl Tab 1000 MG,100,AVET PHARMACEUTICALS,Glucophage,1000MG,Generic,Metformin HCl Tab 1000 MG,0.0200
Metformin HCl Tab 1000 MG,500,AVET PHARMACEUTICALS,Glucophage,1000MG,Generic,Metformin HCl Tab 1000 MG,0.0100
Metformin HCl Tab 850 MG,500,SCIEGEN PHARMACEUTICALS,Glucophage,850MG,Generic,Metformin HCl Tab 850 MG,0.0200
Metformin HCl Tab ER 24HR 500 MG,100,LAURUS LABS PRIVATE LIMITED,Glucophage XR,500MG,Generic,Metformin HCl Tab ER 24HR 500 MG,0.0200
Metformin HCl Tab ER 24HR 500 MG,1000,LAURUS LABS PRIVATE LIMITED,Glucophage XR,500MG,Generic,Metformin HCl Tab ER 24HR 500 MG,0.0100
Metformin HCl Tab ER 24HR 750 MG,100,SUN PHARMACEUTICALS,Glucophage,750MG,Generic,Metformin HCl Tab ER 24HR 750 MG,0.0300
Methimazole Tab 10 MG,100,RISING PHARMACEUTICALS,Tapazole,10MG,Generic,Methimazole Tab 10 MG,0.0400
Methimazole Tab 5 MG,100,RISING PHARMACEUTICALS,Tapazole,5MG,Generic,Methimazole Tab 5 MG,0.0400
Methylprednisolone Tab 16 MG,50,JUBILANT CADISTA,Medrol,16MG,Generic,Methylprednisolone Tab 16 MG,0.5300
Methylprednisolone Tab 32 MG,25,JUBILANT CADISTA,Medrol,32MG,Generic,Methylprednisolone Tab 32 MG,0.7000
Methylprednisolone Tab 8 MG,25,JUBILANT CADISTA,,8MG,Generic,Methylprednisolone Tab 8 MG,0.3800
Metoprolol Succinate Tab ER 24HR 100 MG (Tartrate Equiv),100,CAMBER PHARMACEUTICALS,Toprol,100MG,Generic,Metoprolol Succinate Tab ER 24HR 100 MG (Tartrate Equiv),0.0400
Metoprolol Succinate Tab ER 24HR 25 MG (Tartrate Equiv),100,INGENUS PHARMACEUTICALS,Toprol XL,25MG,Generic,Metoprolol Succinate Tab ER 24HR 25 MG (Tartrate Equiv),0.0200
Metoprolol Succinate Tab ER 24HR 50 MG (Tartrate Equiv),500,CAMBER PHARMACEUTICALS,Toprol XL,50MG,Generic,Metoprolol Succinate Tab ER 24HR 50 MG (Tartrate Equiv),0.0300
Metronidazole Tab 250 MG,500,AVET PHARMACEUTICALS,Flagyl,250MG,Generic,Metronidazole Tab 250 MG,0.0200
Mexiletine HCl Cap 150 MG,100,SUN PHARMACEUTICALS,Mexitil,150MG,Generic,Mexiletine HCl Cap 150 MG,0.1500
Micafungin Sodium For IV Soln 50 MG,1 X 10,MEITHEAL PHARMACEUTICALS,Mycamine,50MG,Generic,Micafungin Sodium For IV Soln 50 MG,64.2000
Midodrine HCl Tab 10 MG,100,XIROMED,Promatine,10MG,Generic,Midodrine HCl Tab 10 MG,0.0800
Midodrine HCl Tab 2.5 MG,100,XIROMED,Promatine,2.5MG,Generic,Midodrine HCl Tab 2.5 MG,0.0800
Milrinone Lactate IV Soln 10 MG/10ML (Base Equivalent),10 ML X 10,MEITHEAL PHARMACEUTICALS,Primacor,10MG/10ML,Generic,Milrinone Lactate IV Soln 10 MG/10ML (Base Equivalent),1.7000
Minocycline HCl Cap 75 MG,100,TORRENT PHARMACEUTICALS,Minocin,75MG,Generic,Minocycline HCl Cap 75 MG,0.1800
Minocycline HCl Tab 100 MG,50,TORRENT PHARMACEUTICALS,Dynacin,100MG,Generic,Minocycline HCl Tab 100 MG,0.4500
Minocycline HCl Tab 50 MG,100,TORRENT PHARMACEUTICALS,Minocin,50MG,Generic,Minocycline HCl Tab 50 MG,0.1800
Minocycline HCl Tab 75 MG,100,AUROBINDO PHARMA,Minocin,75MG,Generic,Minocycline HCl Tab 75 MG,0.2600
Mirabegron Tab ER 24 HR 25 MG,30,LUPIN PHARMACEUTICALS,Myrbetriq,25MG,Generic,Mirabegron Tab ER 24 HR 25 MG,10.7500
Mirtazapine Orally Disintegrating Tab 15 MG,30,VIONA PHARMACEUTICALS,Remeron SolTab,15MG,Generic,Mirtazapine Orally Disintegrating Tab 15 MG,0.2100
Mirtazapine Orally Disintegrating Tab 30 MG,30,VIONA PHARMACEUTICALS,Remeron SolTab,30MG,Generic,Mirtazapine Orally Disintegrating Tab 30 MG,0.2900
Mitomycin For IV Soln 40 MG,1,MEITHEAL PHARMACEUTICALS,Mutamycin,40MG,Generic,Mitomycin For IV Soln 40 MG,65.9900
Mitomycin For IV Soln 5 MG,1,MEITHEAL PHARMACEUTICALS,Mutamycin,5MG,Generic,Mitomycin For IV Soln 5 MG,29.6500
Mometasone Furoate Cream 0.1%,45 GM,PADAGIS,Elocon,0.1%,Generic,Mometasone Furoate Cream 0.1%,0.1100
Mometasone Furoate Nasal Susp 50 MCG/ACT,17 GM,AMNEAL PHARMACEUTICALS,Nasonex,50MCG/ACT,Generic,Mometasone Furoate Nasal Susp 50 MCG/ACT,1.5800
Montelukast Sodium Chew Tab 4 MG (Base Equiv),90,TORRENT PHARMACEUTICALS,Singulair,4MG,Generic,Montelukast Sodium Chew Tab 4 MG (Base Equiv),0.0200
Montelukast Sodium Chew Tab 5 MG (Base Equiv),1000,KREMERS URBAN,Singulair,5MG,Generic,Montelukast Sodium Chew Tab 5 MG (Base Equiv),0.0300
Montelukast Sodium Tab 10 MG (Base Equiv),30,UNICHEM PHARMACEUTICALS,Singulair,10MG,Generic,Montelukast Sodium Tab 10 MG (Base Equiv),0.0400
Montelukast Sodium Tab 10 MG (Base Equiv),500,TORRENT PHARMACEUTICALS,Singulair,10MG,Generic,Montelukast Sodium Tab 10 MG (Base Equiv),0.0200
Montelukast Sodium Tab 10 MG (Base Equiv),90,TORRENT PHARMACEUTICALS,Singulair,10MG,Generic,Montelukast Sodium Tab 10 MG (Base Equiv),0.0200
mRESVIA Respiratory Syncytial Virus Vaccine mRNA SUPN 50 MCG/0.5ML,0.5 ML,false,,50MCG/0.5ML,Brand,.,1740.0000
Mucus Relief TABS 400 MG,100,GERI-CARE,Mucinex,400MG,Brand,Guaifenesin Tab 400 MG,0.0300
Mycophenolate Mofetil HCl For IV Soln 500 MG (Base Equiv),1 X 4,NOVA PLUS MEITHEAL PHARMA,CellCept,500MG,Generic,Mycophenolate Mofetil HCl For IV Soln 500 MG (Base Equiv),25.5000
Mycophenolate Mofetil Tab 500 MG,500,AUROBINDO PHARMA,Cellcept,500MG,Generic,Mycophenolate Mofetil Tab 500 MG,0.1400
Mycophenolate Sodium Tab DR 180 MG (Mycophenolic Acid Equiv),120,BIOCON PHARMA,Myfortic,180MG,Generic,Mycophenolate Sodium Tab DR 180 MG (Mycophenolic Acid Equiv),0.1100
Mycophenolate Sodium Tab DR 360 MG (Mycophenolic Acid Equiv),120,APOTEX,Myfortic,360MG,Generic,Mycophenolate Sodium Tab DR 360 MG (Mycophenolic Acid Equiv),0.5200
Mycophenolate Sodium Tab DR 360 MG (Mycophenolic Acid Equiv),120,BIOCON PHARMA,Myfortic,360MG,Generic,Mycophenolate Sodium Tab DR 360 MG (Mycophenolic Acid Equiv),0.1700
Naloxone HCl Inj 4 MG/10ML,10 ML X 10,SOMERSET THERAPEUTICS,Narcon,4MG/10ML,Generic,Naloxone HCl Inj 4 MG/10ML,34.0500
Naratriptan HCl Tab 1 MG (Base Equiv),9,HIKMA PHARMACEUTICALS USA,Amerge,1MG,Generic,Naratriptan HCl Tab 1 MG (Base Equiv),0.5000
Nebivolol HCl Tab 10 MG (Base Equivalent),30,CAMBER PHARMACEUTICALS,Bystolic,10MG,Generic,Nebivolol HCl Tab 10 MG (Base Equivalent),0.0600
Nebivolol HCl Tab 10 MG (Base Equivalent),90,MODAVAR PHARMACEUTICALS,Bystolic,10MG,Generic,Nebivolol HCl Tab 10 MG (Base Equivalent),0.0300
Neomycin-Polymyxin-HC Otic Soln 1%,10 ML,BAUSCH HEALTH,Cortisporin,1%,Generic,Neomycin-Polymyxin-HC Otic Soln 1%,3.5200
Neostigmine Methylsulfate IV Soln 5 MG/10 ML (0.5 MG/ML),10 ML X 10,XIROMED,Bloxiverz,5MG/10ML,Generic,Neostigmine Methylsulfate IV Soln 5 MG/10 ML (0.5 MG/ML),0.7500
Nevirapine Tab 200 MG,60,MACLEODS PHARMACEUTICALS,Viramune,200MG,Generic,Nevirapine Tab 200 MG,0.0800
Niacin Tab 500 MG,1000,RUGBY LABORATORIES,NIACIN,500MG,Generic,Niacin Tab 500 MG,0.0100
Niacin Tab ER 500 MG (Antihyperlipidemic),90,MACLEODS PHARMACEUTICALS,Niaspan,500MG,Generic,Niacin Tab ER 500 MG (Antihyperlipidemic),0.0600
Niacin Tab ER 750 MG (Antihyperlipidemic),90,SUN PHARMACEUTICALS,Niaspan,750MG,Generic,Niacin Tab ER 750 MG (Antihyperlipidemic),0.1200
Nicotine Polacrilex Lozenge 2 MG,24 X 3,"DR.REDDY'S LABORATORIES, INC.",Nicorette,2MG,Generic,Nicotine Polacrilex Lozenge 2 MG,0.8500
Nicotine Polacrilex Lozenge 4 MG,24 X 3,"DR.REDDY'S LABORATORIES, INC.",Nicorette,4MG,Generic,Nicotine Polacrilex Lozenge 4 MG,0.8400
Nicotine Polacrilex Lozenge 4 MG,27 X 3,PADAGIS,Nicorette,4MG,Generic,Nicotine Polacrilex Lozenge 4 MG,0.4600
Nifedipine Tab ER 24HR Osmotic Release 30 MG,300,UPSHER-SMITH,Procardia XL,30MG,Generic,Nifedipine Tab ER 24HR Osmotic Release 30 MG,0.0700
Nighttime Cold/Flu Relief LIQD 15-6.25-325 MG/15ML,354 ML,PERRIGO,,15-6.25-325MG/15ML,Brand,Dextromethorphan-Doxylamine-APAP Liquid 15-6.25-325 MG/15ML,0.0100
Nitrofurantoin Monohydrate Macrocrystalline Cap 100 MG,100,AMNEAL PHARMACEUTICALS,Macrobid,100MG,Generic,Nitrofurantoin Monohydrate Macrocrystalline Cap 100 MG,0.0900
Nitrofurantoin Susp 25 MG/5ML,230 ML,AMNEAL PHARMACEUTICALS,Furadantin,25MG/5ML,Generic,Nitrofurantoin Susp 25 MG/5ML,2.7200
Norethindrone Ace-Ethinyl Estradiol-FE Cap 1 MG-20 MCG (24),28 X 3,GLENMARK PHARMACEUTICALS,Taytulla,1-20MG-MCG(24),Generic,Norethindrone Ace-Ethinyl Estradiol-FE Cap 1 MG-20 MCG (24),1.0400
Norgestimate-Eth Estrad Tab 0.18-35/0.215-35/0.25-35 MG-MCG,28 X 3,GLENMARK PHARMACEUTICALS,Tri-Previfem,0.18/0.215/0.25MG-35 MCG,Generic,Norgestimate-Eth Estrad Tab 0.18-35/0.215-35/0.25-35 MG-MCG,0.1300
Nortriptyline HCl Cap 75 MG,100,SUN PHARMACEUTICALS,Pacerone,75MG,Generic,Nortriptyline HCl Cap 75 MG,0.0900
Nystatin Cream 100000 Unit/GM,15 GM,PADAGIS,Mycostatin,100000UNIT/GM,Generic,Nystatin Cream 100000 Unit/GM,0.0800
Nystatin Topical Powder 100000 Unit/GM,15 GM,LEADING PHARMA,Nystop,100000UNIT/GM,Generic,Nystatin Topical Powder 100000 Unit/GM,0.3200
Nystatin-Triamcinolone Cream 100000-0.1 Unit/GM-%,15 GM,PADAGIS,Mycolog II,100000-0.1UNIT/GM-%,Generic,Nystatin-Triamcinolone Cream 100000-0.1 Unit/GM-%,0.2200
Nystatin-Triamcinolone Cream 100000-0.1 Unit/GM-%,30 GM,LUPIN PHARMACEUTICALS,Mycolog II,100000-0.1UNIT/GM-%,Generic,Nystatin-Triamcinolone Cream 100000-0.1 Unit/GM-%,0.1400
Nystatin-Triamcinolone Oint 100000-0.1 Unit/GM-%,15 GM,VIONA PHARMACEUTICALS,Mycolog II,100000-0.1UNIT/GM-%,Generic,Nystatin-Triamcinolone Oint 100000-0.1 Unit/GM-%,0.1800
Ofloxacin Ophth Soln 0.3%,10 ML,RISING PHARMACEUTICALS,Ocuflox Ophthalmic Drops,0.3%,Generic,Ofloxacin Ophth Soln 0.3%,0.2600
Ofloxacin Ophth Soln 0.3%,5 ML,APOTEX,Ocuflox Ophthalmic Drops,0.3%,Generic,Ofloxacin Ophth Soln 0.3%,0.8400
Olanzapine Tab 10 MG,1000,MODAVAR PHARMACEUTICALS,Zyprexa,10MG,Generic,Olanzapine Tab 10 MG,0.0300
Olanzapine Tab 10 MG,30,MODAVAR PHARMACEUTICALS,Zyprexa,10MG,Generic,Olanzapine Tab 10 MG,0.0500
Olanzapine Tab 20 MG,1000,MODAVAR PHARMACEUTICALS,Zyprexa,20MG,Generic,Olanzapine Tab 20 MG,0.0300
Olanzapine Tab 2.5 MG,1000,MODAVAR PHARMACEUTICALS,Zyprexa,2.5MG,Generic,Olanzapine Tab 2.5 MG,0.0300
Olanzapine Tab 5 MG,1000,MODAVAR PHARMACEUTICALS,Zyprexa,5MG,Generic,Olanzapine Tab 5 MG,0.0100
Olanzapine Tab 5 MG,30,MODAVAR PHARMACEUTICALS,Zyprexa,5MG,Generic,Olanzapine Tab 5 MG,0.0400
Olanzapine Tab 7.5 MG,1000,MODAVAR PHARMACEUTICALS,Zyprexa,7.5MG,Generic,Olanzapine Tab 7.5 MG,0.0400
Olmesartan Medoxomil-Hydrochlorothiazide Tab 40-12.5 MG,90,MACLEODS PHARMACEUTICALS,Benicar HCT,40-12.5MG,Generic,Olmesartan Medoxomil-Hydrochlorothiazide Tab 40-12.5 MG,0.1000
Olmesartan Medoxomil-Hydrochlorothiazide Tab 40-25 MG,90,MACLEODS PHARMACEUTICALS,Benicar,40-25MG,Generic,Olmesartan Medoxomil-Hydrochlorothiazide Tab 40-25 MG,0.1000
Olmesartan Medoxomil Tab 20 MG,1000,NOVADOZ PHARMACEUTICALS,Benicar,20MG,Generic,Olmesartan Medoxomil Tab 20 MG,0.0300
Olmesartan Medoxomil Tab 20 MG,90,AUROBINDO PHARMA,Benicar,20MG,Generic,Olmesartan Medoxomil Tab 20 MG,0.0300
Olmesartan Medoxomil Tab 40 MG,1000,NOVADOZ PHARMACEUTICALS,Benicar,40MG,Generic,Olmesartan Medoxomil Tab 40 MG,0.0600
Olmesartan Medoxomil Tab 40 MG,30,ASCEND LABORATORIES,Benicar,40MG,Generic,Olmesartan Medoxomil Tab 40 MG,0.1000
Olmesartan Medoxomil Tab 40 MG,30,SOLCO HEALTHCARE,Benicar,40MG,Generic,Olmesartan Medoxomil Tab 40 MG,0.0700
Olmesartan Medoxomil Tab 5 MG,30,SOLCO HEALTHCARE,Benicar,5MG,Generic,Olmesartan Medoxomil Tab 5 MG,0.0200
Omeprazole Cap Delayed Release 40 MG,30,GLENMARK PHARMACEUTICALS,Prilosec,40MG,Generic,Omeprazole Cap Delayed Release 40 MG,0.0400
Opill 0.075MG,28,false,Opill,0.075MG,Generic,Opill 0.075MG,0.6300
Opill 0.075MG,28 X 3,false,Opill,0.075MG,Generic,Opill 0.075MG,1.5300
Ora-Sweet SYRP,473 ML,PADAGIS,ORA-SWEET,,Trademarked,*Oral Vehicles - Syrup***,0.0400
Oseltamivir Phosphate Cap 45 MG (Base Equiv),10,CAMBER PHARMACEUTICALS,Tamiflu,45MG,Generic,Oseltamivir Phosphate Cap 45 MG (Base Equiv),0.1500
Oseltamivir Phosphate Cap 75 MG (Base Equiv),10,EXELAN PHARMACEUTICALS,Tamiflu,75MG,Generic,Oseltamivir Phosphate Cap 75 MG (Base Equiv),0.2500
Oseltamivir Phosphate For Susp 6 MG/ML (Base Equiv),60 ML,AUROBINDO PHARMA,Tamiflu,6MG/ML,Generic,Oseltamivir Phosphate For Susp 6 MG/ML (Base Equiv),0.1200
Oxybutynin Chloride Tab 5 MG,100,ANI  PHARMACEUTICALS,Ditropan,5MG,Generic,Oxybutynin Chloride Tab 5 MG,0.0300
Paclitaxel IV Conc 30 MG/5ML (6 MG/ML),5 ML,ALEMBIC PHARMACEUTICALS,Onxol,30MG/5ML,Generic,Paclitaxel IV Conc 30 MG/5ML (6 MG/ML),1.8400
Paliperidone Tab ER 24HR 1.5 MG,30,LUPIN PHARMACEUTICALS,Invega,1.5MG,Generic,Paliperidone Tab ER 24HR 1.5 MG,0.4700
Paliperidone Tab ER 24HR 3 MG,30,LUPIN PHARMACEUTICALS,Invega,3MG,Generic,Paliperidone Tab ER 24HR 3 MG,0.3200
Paliperidone Tab ER 24HR 6 MG,30,LUPIN PHARMACEUTICALS,Invega,6MG,Generic,Paliperidone Tab ER 24HR 6 MG,0.3600
Pantoprazole Sodium For Delayed Release Susp Packet 40 MG,30,AUROBINDO PHARMA,Protonix Oral Packet,40MG,Generic,Pantoprazole Sodium For Delayed Release Susp Packet 40 MG,1.0400
Paroxetine HCl Tab ER 24HR 25 MG,30,MODAVAR PHARMACEUTICALS,Paxil CR,25MG,Generic,Paroxetine HCl Tab ER 24HR 25 MG,0.1200
Paroxetine HCl Tab ER 24HR 25 MG,30,WESTMINSTER PHARMACEUTICALS,Paxil CR,25MG,Generic,Paroxetine HCl Tab ER 24HR 25 MG,0.1700
Paroxetine Mesylate Cap 7.5 MG (Base Equiv),30,PADAGIS,Brisdelle,7.5MG,Generic,Paroxetine Mesylate Cap 7.5 MG (Base Equiv),1.6400
Pemetrexed Disodium For IV Soln 100 MG (Base Equiv),1,INGENUS PHARMACEUTICALS,Alimta,100MG,Generic,Pemetrexed Disodium For IV Soln 100 MG (Base Equiv),20.1900
Penicillin V Potassium Tab 250 MG,1000,HIKMA PHARMACEUTICALS USA,Pen Vee K,250MG,Generic,Penicillin V Potassium Tab 250 MG,0.0300
Penicillin V Potassium Tab 500 MG,1000,HIKMA PHARMACEUTICALS USA,Pen Vee K,500MG,Generic,Penicillin V Potassium Tab 500 MG,0.0300
Perphenazine Tab 4 MG,100,AVET PHARMACEUTICALS,Trilafon,4MG,Generic,Perphenazine Tab 4 MG,0.0600
Pharbetol Extra Strength TABS 500 MG,100,PHARBEST PHARMACEUTICALS,Tylenol Extra Strength,500MG,Trademarked,Acetaminophen Tab 500 MG,0.0200
Pharbetol Extra Strength TABS 500 MG,1000,PHARBEST PHARMACEUTICALS,Acetaminophen,500MG,Trademarked,Acetaminophen Tab 500 MG,0.0100
Pharbetol TABS 325 MG,100,PHARBEST PHARMACEUTICALS,Tylenol regular strength,325MG,Trademarked,Acetaminophen Tab 325 MG,0.0100
Pharbinex-DM TABS 20-400 MG,30,PHARBEST PHARMACEUTICALS,Mucinex-DM,20-400MG,Brand,Dextromethorphan-Guaifenesin Tab 20-400 MG,0.0700
Phenylephrine HCl Ophth Soln 10%,5 ML,LIFESTAR PHARMA,Altafrin,10%,Generic,Phenylephrine HCl Ophth Soln 10%,6.7000
Phenytoin Chew Tab 50 MG,100,RISING PHARMACEUTICALS,Dilantin,50MG,Generic,Phenytoin Chew Tab 50 MG,0.1100
Phytonadione Tab 5 MG,100,ZYDUS PHARMACEUTICALS (USA),Mephyton,5MG,Generic,Phytonadione Tab 5 MG,7.2900
Phytonadione Tab 5 MG,30,ZYDUS PHARMACEUTICALS (USA),Mephyton,5MG,Generic,Phytonadione Tab 5 MG,8.9800
Pilocarpine HCl Ophth Soln 4%,15 ML,SOMERSET THERAPEUTICS,Isopto Carpine,4%,Generic,Pilocarpine HCl Ophth Soln 4%,1.9000
Pilocarpine HCl Tab 5 MG,100,PADAGIS,Salagen,5MG,Generic,Pilocarpine HCl Tab 5 MG,0.0600
Pilocarpine HCl Tab 7.5 MG,100,LANNETT,Salagen,7.5MG,Generic,Pilocarpine HCl Tab 7.5 MG,0.3100
Pimecrolimus Cream 1%,60 GM,ACTAVIS PHARMA,Elidel,1%,Generic,Pimecrolimus Cream 1%,2.1600
Pioglitazone HCl Tab 15 MG (Base Equiv),90,AUROBINDO PHARMA,Actos,15MG,Generic,Pioglitazone HCl Tab 15 MG (Base Equiv),0.0400
Pirfenidone Tab 267 MG,90 X 3,CAMBER PHARMACEUTICALS,Esbriet,267MG,Generic,Pirfenidone Tab 267 MG,3.6600
Pitavastatin Calcium Tab 2 MG,90,AUROBINDO PHARMA,Livalo Oral Tablet,2MG,Generic,Pitavastatin Calcium Tab 2 MG,0.9800
Plerixafor Subcutaneous Inj 24 MG/1.2ML (20 MG/ML),1.2 ML,MEITHEAL PHARMACEUTICALS,Mozobil,24MG/1.2ML,Generic,Plerixafor Subcutaneous Inj 24 MG/1.2ML (20 MG/ML),64.5300
Podocon-25 SOLN 25 %,15 ML,PADAGIS,,25%,Trademarked,Podophyllum Resin Soln 25%,2.8300
Potassium Chloride Cap ER 10 mEq,100,LUPIN PHARMACEUTICALS,Klor-Con,10MEQ,Generic,Potassium Chloride Cap ER 10 mEq,0.0500
Potassium Chloride Powder Packet 20 mEq,100,VIRTUS PHARMACEUTICALS,Klor-Con,20MEQ,Generic,Potassium Chloride Powder Packet 20 mEq,2.3500
Potassium Chloride Powder Packet 20 mEq,30,AVET PHARMACEUTICALS,Klor-Con,20MEQ,Generic,Potassium Chloride Powder Packet 20 mEq,0.2400
Pramipexole Dihydrochloride Tab ER 24HR 0.375 MG,30,VITRUVIAS THERAPEUTICS,Mirapex ER,0.375MG,Generic,Pramipexole Dihydrochloride Tab ER 24HR 0.375 MG,0.5300
Pramipexole Dihydrochloride Tab ER 24HR 1.5 MG,30,"DR.REDDY'S LABORATORIES, INC.",Mirapex ER,1.5MG,Generic,Pramipexole Dihydrochloride Tab ER 24HR 1.5 MG,1.1700
Pramipexole Dihydrochloride Tab ER 24HR 3 MG,30,"DR.REDDY'S LABORATORIES, INC.",Mirapex ER,3MG,Generic,Pramipexole Dihydrochloride Tab ER 24HR 3 MG,1.2500
Pramipexole Dihydrochloride Tab ER 24HR 4.5 MG,30,"DR.REDDY'S LABORATORIES, INC.",Mirapex ER,4.5MG,Generic,Pramipexole Dihydrochloride Tab ER 24HR 4.5 MG,2.9600
Prasugrel HCl Tab 10 MG (Base Equiv),30,UNICHEM PHARMACEUTICALS,Effient,10MG,Generic,Prasugrel HCl Tab 10 MG (Base Equiv),0.0900
Prasugrel HCl Tab 5 MG (Base Equiv),30,UNICHEM PHARMACEUTICALS,Effient,5MG,Generic,Prasugrel HCl Tab 5 MG (Base Equiv),0.0700
Pravastatin Sodium Tab 10 MG,90,GLENMARK PHARMACEUTICALS,Pravachol,10MG,Generic,Pravastatin Sodium Tab 10 MG,0.0300
Pravastatin Sodium Tab 40 MG,90,BIOCON PHARMA,Pravachol,40MG,Generic,Pravastatin Sodium Tab 40 MG,0.0500
Prazosin HCl Cap 1 MG,100,GRANULES PHARMACEUTICALS,Minipress,1MG,Generic,Prazosin HCl Cap 1 MG,0.0900
Prednisolone Sodium Phosphate Ophth Soln 1%,10 ML,BAUSCH HEALTH,Ak-Pred,1%,Generic,Prednisolone Sodium Phosphate Ophth Soln 1%,4.1600
Prednisolone Soln 15 MG/5ML,480 ML,PHARMACEUTICAL ASSOCIATES,Prelone,15MG/5ML,Generic,Prednisolone Soln 15 MG/5ML,0.6400
predniSONE Intensol CONC 5 MG/ML,30 ML,HIKMA PHARMACEUTICALS USA,Deltasone,5MG/ML,Trademarked,Prednisone Conc 5 MG/ML,3.1800
Prednisone Tab 1 MG,1000,JUBILANT CADISTA,Deltasone,1MG,Generic,Prednisone Tab 1 MG,0.0000
Prednisone Tab 20 MG,500,JUBILANT CADISTA,Deltasone,20MG,Generic,Prednisone Tab 20 MG,0.0300
Prednisone Tab 5 MG,100,HIKMA PHARMACEUTICALS USA,Deltasone,5MG,Generic,Prednisone Tab 5 MG,0.0100
Prednisone Tab 5 MG,1000,HIKMA PHARMACEUTICALS USA,Deltasone,5MG,Generic,Prednisone Tab 5 MG,0.0100
Prenatabs Rx TABS 29-1 MG,90,CYPRESS PHARMACEUTICAL,Prenatabs Rx,29-1MG,Trademarked,*Prenatal Vit w/ Iron Carbonyl-FA Tab 29-1 MG***,0.4200
Pro Comfort Gloves X-Large MISC,100,HOME AIDE DIAGNOSTICS,,,Brand,*Disposable Gloves***,0.0900
Proctozone-HC CREA 2.5 %,30 GM,RISING PHARMACEUTICALS,Anusol-HC,2.5%,Trademarked,Hydrocortisone Perianal Cream 2.5%,0.0700
Proparacaine HCl Ophth Soln 0.5%,15 ML,BAUSCH HEALTH,Ophtetic,0.5%,Generic,Proparacaine HCl Ophth Soln 0.5%,1.4300
Pure-Comfort Synthetic Nitrile MISC,100,HOME AIDE DIAGNOSTICS,,,Trademarked,*Disposable Gloves***,0.0900
Pyridostigmine Bromide Oral Soln 60 MG/5ML,473 ML,NOVADOZ PHARMACEUTICALS,Mestinon,60MG/5ML,Generic,Pyridostigmine Bromide Oral Soln 60 MG/5ML,0.3400
Quetiapine Fumarate Tab 200 MG,100,CAMBER PHARMACEUTICALS,Seroquel,200MG,Generic,Quetiapine Fumarate Tab 200 MG,0.0500
Quetiapine Fumarate Tab 25 MG,100,RISING PHARMACEUTICALS,Seroquel,25MG,Generic,Quetiapine Fumarate Tab 25 MG,0.0100
Quetiapine Fumarate Tab 300 MG,60,CAMBER PHARMACEUTICALS,Seroquel,300MG,Generic,Quetiapine Fumarate Tab 300 MG,0.0600
Quetiapine Fumarate Tab 400 MG,100,CAMBER PHARMACEUTICALS,Seroquel,400MG,Generic,Quetiapine Fumarate Tab 400 MG,0.0700
Quetiapine Fumarate Tab 400 MG,500,CAMBER PHARMACEUTICALS,Seroquel,400MG,Generic,Quetiapine Fumarate Tab 400 MG,0.0700
Quetiapine Fumarate Tab 50 MG,1000,SUN PHARMACEUTICALS,Seroquel,50MG,Generic,Quetiapine Fumarate Tab 50 MG,0.0100
Quetiapine Fumarate Tab ER 24HR 150 MG,60,MACLEODS PHARMACEUTICALS,Seroquel XR,150MG,Generic,Quetiapine Fumarate Tab ER 24HR 150 MG,0.0600
Quetiapine Fumarate Tab ER 24HR 200 MG,60,MACLEODS PHARMACEUTICALS,Seroquel XR,200MG,Generic,Quetiapine Fumarate Tab ER 24HR 200 MG,0.0700
Raloxifene HCl Tab 60 MG,100,CIPLA USA,Evista,60MG,Generic,Raloxifene HCl Tab 60 MG,0.1000
Raloxifene HCl Tab 60 MG,1000,MODAVAR PHARMACEUTICALS,Evista,60MG,Generic,Raloxifene HCl Tab 60 MG,0.1000
Raloxifene HCl Tab 60 MG,30,CIPLA USA,Evista,60MG,Generic,Raloxifene HCl Tab 60 MG,0.2100
Ramelteon Tab 8 MG,30,WESTMINSTER PHARMACEUTICALS,Rozerem,8MG,Generic,Ramelteon Tab 8 MG,0.3500
Ramelteon Tab 8 MG,500,XIROMED,Rozerem,8MG,Generic,Ramelteon Tab 8 MG,0.2500
Rasagiline Mesylate Tab 1 MG (Base Equiv),30,AVET PHARMACEUTICALS,Azilect,1MG,Generic,Rasagiline Mesylate Tab 1 MG (Base Equiv),0.3500
Repaglinide Tab 0.5 MG,100,MACLEODS PHARMACEUTICALS,Prandin,0.5MG,Generic,Repaglinide Tab 0.5 MG,0.0500
RisaQuad-2 CAPS,30,RISING PHARMACEUTICALS,Flora Q-2,,Trademarked,*Probiotic Product - Cap**,0.2000
Ritonavir Tab 100 MG,30,AUROBINDO PHARMA,Norvir,100MG,Generic,Ritonavir Tab 100 MG,0.5000
Rivastigmine Tartrate Cap 3 MG (Base Equivalent),60,MODAVAR PHARMACEUTICALS,Exelon,3MG,Generic,Rivastigmine Tartrate Cap 3 MG (Base Equivalent),0.0600
Rivastigmine Tartrate Cap 4.5 MG (Base Equivalent),60,MODAVAR PHARMACEUTICALS,Exelon,4.5MG,Generic,Rivastigmine Tartrate Cap 4.5 MG (Base Equivalent),0.0700
Rivastigmine Tartrate Cap 6 MG (Base Equivalent),60,MODAVAR PHARMACEUTICALS,Exelon,6MG,Generic,Rivastigmine Tartrate Cap 6 MG (Base Equivalent),0.1000
Rizatriptan Benzoate Oral Disintegrating Tab 5 MG (Base Eq),18,BIONPHARMA,Maxalt ODT,5MG,Generic,Rizatriptan Benzoate Oral Disintegrating Tab 5 MG (Base Eq),0.2700
Roflumilast 500 MCG,90,false,Daliresp,500MCG,Generic,Roflumilast 500 MCG,0.2000
Roflumilast Tab 250 MCG,28,CAMBER PHARMACEUTICALS,Daliresp,250MCG,Generic,Roflumilast Tab 250 MCG,1.2000
Ropinirole Hydrochloride Tab 1 MG,100,SOLCO HEALTHCARE,Requip,1MG,Generic,Ropinirole Hydrochloride Tab 1 MG,0.0400
Rosuvastatin Calcium Tab 10 MG,90,NOVADOZ PHARMACEUTICALS,Crestor,10MG,Generic,Rosuvastatin Calcium Tab 10 MG,0.0400
Rosuvastatin Calcium Tab 20 MG,500,TORRENT PHARMACEUTICALS,Crestor,20MG,Generic,Rosuvastatin Calcium Tab 20 MG,0.0200
Rosuvastatin Calcium Tab 20 MG,90,CAMBER PHARMACEUTICALS,Crestor,20MG,Generic,Rosuvastatin Calcium Tab 20 MG,0.0500
Rosuvastatin Calcium Tab 20 MG,90,NOVADOZ PHARMACEUTICALS,Crestor,20MG,Generic,Rosuvastatin Calcium Tab 20 MG,0.0400
Rosuvastatin Calcium Tab 5 MG,90,CAMBER PHARMACEUTICALS,Crestor,5MG,Generic,Rosuvastatin Calcium Tab 5 MG,0.0500
Rosuvastatin Calcium Tab 5 MG,90,NOVADOZ PHARMACEUTICALS,Crestor,5MG,Generic,Rosuvastatin Calcium Tab 5 MG,0.0300
Scopolamine TD Patch 72HR 1 MG/3DAYS,10,PADAGIS,Transderm-Scop,1MG/3DAYS,Generic,Scopolamine TD Patch 72HR 1 MG/3DAYS,1.2600
Scopolamine TD Patch 72HR 1 MG/3DAYS,24,INGENUS PHARMACEUTICALS,Transderm-Scop,1MG/3DAYS,Generic,Scopolamine TD Patch 72HR 1 MG/3DAYS,3.0200
Scopolamine TD Patch 72HR 1 MG/3DAYS,4,PADAGIS,Transderm-Scop,1MG/3DAYS,Generic,Scopolamine TD Patch 72HR 1 MG/3DAYS,1.5600
Sertraline HCl Tab 100 MG,90,AVET PHARMACEUTICALS,Zoloft,100MG,Generic,Sertraline HCl Tab 100 MG,0.0200
Sertraline HCl Tab 25 MG,500,GRANULES PHARMACEUTICALS,Zoloft,25MG,Generic,Sertraline HCl Tab 25 MG,0.0200
Sertraline HCl Tab 50 MG,500,AVET PHARMACEUTICALS,Zoloft,50MG,Generic,Sertraline HCl Tab 50 MG,0.0200
Sertraline HCl Tab 50 MG,90,AVET PHARMACEUTICALS,Zoloft,50MG,Generic,Sertraline HCl Tab 50 MG,0.0200
Sevelamer HCl Tab 400 MG,360,MACLEODS PHARMACEUTICALS,Renagel,400MG,Generic,Sevelamer HCl Tab 400 MG,1.2200
SF 5000 Plus CREA 1.1 %,51 GM,CYPRESS PHARMACEUTICAL,PreviDent,1.1%,Brand,Sodium Fluoride Cream 1.1%,0.0900
Sildenafil Citrate Tab 100 MG,100,MACLEODS PHARMACEUTICALS,Viagra,100MG,Generic,Sildenafil Citrate Tab 100 MG,0.0700
Sildenafil Citrate Tab 20 MG,500,CAMBER PHARMACEUTICALS,Revatio,20MG,Generic,Sildenafil Citrate Tab 20 MG,0.0300
Sildenafil Citrate Tab 25 MG,30,AUROBINDO PHARMA,Viagra,25MG,Generic,Sildenafil Citrate Tab 25 MG,0.0600
Simvastatin Tab 10 MG,1000,LUPIN PHARMACEUTICALS,Zocor,10MG,Generic,Simvastatin Tab 10 MG,0.0100
Sirolimus Tab 0.5 MG,100,GLENMARK PHARMACEUTICALS,Rapamune,0.5MG,Generic,Sirolimus Tab 0.5 MG,0.9700
Sodium Chloride Soln Nebu 0.9%,3 ML X 100,NEPHRON PHARMACEUTICALS CORP.,Nebusal,0.9%,Generic,Sodium Chloride Soln Nebu 0.9%,6.9500
Sodium Chloride Soln Nebu 0.9%,3 ML X 30,NEPHRON PHARMACEUTICALS CORP.,Nebusal,0.9%,Generic,Sodium Chloride Soln Nebu 0.9%,2.5200
Sodium Citrate  Citric Acid Soln 500-334 MG/5ML,30 ML X 100,MAJOR PHARMACEUTICALS,Bicitra,3-2GM/30ML,Generic,Sodium Citrate & Citric Acid Soln 500-334 MG/5ML,5.9900
Sodium Fluoride Gel 1.1% (0.5% F),56 GM,WESTMINSTER PHARMACEUTICALS,PreviDent,1.1%,Generic,Sodium Fluoride Gel 1.1% (0.5% F),0.0500
Sotalol HCl Tab 160 MG,100,OXFORD PHARMACEUTICALS,Betapace,160MG,Generic,Sotalol HCl Tab 160 MG,0.0600
Spikevax SUSY 50 MCG/0.5ML,0.5 ML X 10,MODERNA US INC,Spikevax,50MCG/0.5ML,Trademarked,COVID-19 mRNA Vaccine-Moderna IM Susp Pref Syr 50 MCG/0.5ML,900.4000
Spironolactone Tab 25 MG,1000,AUROBINDO PHARMA,Aldactone,25MG,Generic,Spironolactone Tab 25 MG,0.0200
Spironolactone Tab 25 MG,500,OXFORD PHARMACEUTICALS,Aldactone,25MG,Generic,Spironolactone Tab 25 MG,0.0300
Spironolactone Tab 50 MG,500,ACCORD HEALTHCARE,Aldactone,50MG,Generic,Spironolactone Tab 50 MG,0.0300
Stomach Relief Extra Strength SUSP 525 MG/15ML,237 ML,RUGBY LABORATORIES,PEPTO BISMOL MS 1050MG LIQUID,525MG/15ML,Brand,Bismuth Subsalicylate Susp 525 MG/15ML,0.0100
Succinylcholine Chloride Inj 20 MG/ML,10 ML X 25,MEITHEAL PHARMACEUTICALS,Quelicin,20MG/ML,Generic,Succinylcholine Chloride Inj 20 MG/ML,2.4500
Sucralfate Susp 1 GM/10ML,414 ML,VISTAPHARM INC.,Carafate,1GM/10ML,Generic,Sucralfate Susp 1 GM/10ML,0.1900
Sucralfate Susp 1 GM/10ML,420 ML,COSETTE PHARMACEUTICALS,Carafate,1GM/10ML,Generic,Sucralfate Susp 1 GM/10ML,0.0800
Sulfacetamide Sodium Liquid 10%,177 ML,LASER PHARMACEUTICALS,Ovace Wash 10%,10%,Generic,Sulfacetamide Sodium Liquid 10%,0.1700
Sulfacetamide Sodium w/ Sulfur Cleanser 10-2%,227 GM,ACELLA PHARMACEUTICALS,Avar LS Cleanser,10-2%,Generic,Sulfacetamide Sodium w/ Sulfur Cleanser 10-2%,0.3600
Sulfacetamide Sodium w/ Sulfur Cleanser 10-5%,340 GM,BIOCOMP PHARMA,Prascion Cleanser,10-5%,Generic,Sulfacetamide Sodium w/ Sulfur Cleanser 10-5%,0.0500
Sulfacetamide Sodium w/ Sulfur Cream 10-2%,57 GM,ACELLA PHARMACEUTICALS,Avar-E LS,10-2%,Generic,Sulfacetamide Sodium w/ Sulfur Cream 10-2%,2.5300
Sulfacetamide Sodium w/ Sulfur Cream 10-2%,57 GM,BIOCOMP PHARMA,Avar-E LS,10-2%,Generic,Sulfacetamide Sodium w/ Sulfur Cream 10-2%,2.0500
Sulfacetamide Sodium w/ Sulfur Cream 10-5%,57 GM,METHOD PHARMACEUTICALS,Virti-Sulf External Cream,10-5%,Generic,Sulfacetamide Sodium w/ Sulfur Cream 10-5%,0.3800
Sulfacetamide Sodium w/ Sulfur Lotion 10-5%,25 GM,BIOCOMP PHARMA,Plexion,10-5%,Generic,Sulfacetamide Sodium w/ Sulfur Lotion 10-5%,4.4100
Sulfacetamide Sodium w/ Sulfur Lotion 10-5%,60 GM,BIOCOMP PHARMA,Plexion,10-5%,Generic,Sulfacetamide Sodium w/ Sulfur Lotion 10-5%,2.1400
Sumatriptan Nasal Spray 20 MG/ACT,1 X 6,FLORIDA PHARMACEUTICAL PRODUCT,Imitrex,20MG/ACT,Generic,Sumatriptan Nasal Spray 20 MG/ACT,73.4000
Sumatriptan Succinate Tab 100 MG,9,SUN PHARMACEUTICALS,Imitrex,100MG,Generic,Sumatriptan Succinate Tab 100 MG,0.2400
Tacrolimus Cap 0.5 MG,100,BIOCON PHARMA,Prograf,0.5MG,Generic,Tacrolimus Cap 0.5 MG,0.0700
Tadalafil Tab 10 MG,30,SOLCO HEALTHCARE,Cialis,10MG,Generic,Tadalafil Tab 10 MG,0.0400
Tadalafil Tab 10 MG,30,UNICHEM PHARMACEUTICALS,Cialis,10MG,Generic,Tadalafil Tab 10 MG,0.0300
Tadalafil Tab 20 MG,30,SOLCO HEALTHCARE,Cialis,20MG,Generic,Tadalafil Tab 20 MG,0.0700
Tadalafil Tab 20 MG (PAH),30,CAMBER PHARMACEUTICALS,Adcirca,20MG,Generic,Tadalafil Tab 20 MG (PAH),0.3700
Tadalafil Tab 20 MG (PAH),60,MACLEODS PHARMACEUTICALS,Adcirca,20MG,Generic,Tadalafil Tab 20 MG (PAH),0.0600
Tadalafil Tab 2.5 MG,30,SOLCO HEALTHCARE,Cialis,2.5MG,Generic,Tadalafil Tab 2.5 MG,0.0400
Tadalafil Tab 2.5 MG,30,UNICHEM PHARMACEUTICALS,Cialis,2.5MG,Generic,Tadalafil Tab 2.5 MG,0.0300
Tadalafil Tab 2.5 MG,500,UNICHEM PHARMACEUTICALS,Cialis,2.5MG,Generic,Tadalafil Tab 2.5 MG,0.0200
Tadalafil Tab 5 MG,30,SOLCO HEALTHCARE,Cialis,5MG,Generic,Tadalafil Tab 5 MG,0.0400
Taron-C DHA CAPS 35-1 MG,30,TRIGEN LABORATORIES,Taron-c Dha,35-1MG,Trademarked,*Prenatal w/Fe Fum-Fe Poly -FA-Omega 3 Cap 35-1 MG***,0.4500
Tazarotene Cream 0.1%,60 GM,COSETTE PHARMACEUTICALS,Tazorac,0.1%,Generic,Tazarotene Cream 0.1%,1.2000
Tazarotene Gel 0.05%,100 GM,SOLARIS PHARMA,Tazorac,0.05%,Generic,Tazarotene Gel 0.05%,3.4500
Tazarotene Gel 0.05%,30 GM,COSETTE PHARMACEUTICALS,Tazorac,0.05%,Generic,Tazarotene Gel 0.05%,10.2800
Tazarotene Gel 0.05%,30 GM,PADAGIS,Tazorac,0.05%,Generic,Tazarotene Gel 0.05%,4.3200
Tazarotene Gel 0.1%,30 GM,COSETTE PHARMACEUTICALS,Tazorac,0.1%,Generic,Tazarotene Gel 0.1%,10.3300
Telmisartan-Hydrochlorothiazide Tab 40-12.5 MG,30,GLENMARK PHARMACEUTICALS,Micardis HCT,40-12.5MG,Generic,Telmisartan-Hydrochlorothiazide Tab 40-12.5 MG,0.1200
Terconazole Vaginal Suppos 80 MG,3,PADAGIS,Terazol,80MG,Generic,Terconazole Vaginal Suppos 80 MG,12.4200
Theophylline Tab ER 12HR 300 MG,100,SUN PHARMACEUTICALS,Elixophyllin,300MG,Generic,Theophylline Tab ER 12HR 300 MG,0.0800
Theophylline Tab ER 12HR 450 MG,100,SUN PHARMACEUTICALS,Elixophyllin,450MG,Generic,Theophylline Tab ER 12HR 450 MG,0.2100
Therems TABS,130,RUGBY LABORATORIES,THERAGRAN,,Trademarked,*Multiple Vitamin Tab**,0.0200
Tiagabine HCl Tab 12 MG,30,NOVADOZ PHARMACEUTICALS,Gabatril,12MG,Generic,Tiagabine HCl Tab 12 MG,2.6400
Tiagabine HCl Tab 2 MG,30,NOVADOZ PHARMACEUTICALS,Gabitril,2MG,Generic,Tiagabine HCl Tab 2 MG,0.4900
Timolol Maleate Ophth Soln 0.25%,10 ML,RISING PHARMACEUTICALS,Timoptic,0.25%,Generic,Timolol Maleate Ophth Soln 0.25%,0.2200
Timolol Maleate Ophth Soln 0.25%,15 ML,RISING PHARMACEUTICALS,Timoptic,0.25%,Generic,Timolol Maleate Ophth Soln 0.25%,0.1600
Timolol Maleate Ophth Soln 0.5%,10 ML,RISING PHARMACEUTICALS,Timoptic,0.5%,Generic,Timolol Maleate Ophth Soln 0.5%,0.7000
Tobramycin-Dexamethasone Ophth Susp 0.3-0.1%,10 ML,SANDOZ,Tobradex,0.3-0.1%,Generic,Tobramycin-Dexamethasone Ophth Susp 0.3-0.1%,3.0500
Tobramycin Nebu Soln 300 MG/4ML,4 ML X 56,LIFESTAR PHARMA,Bethkis,300MG/4ML,Generic,Tobramycin Nebu Soln 300 MG/4ML,322.4100
Tolvaptan Tab 30 MG,10,APOTEX,Samsca,30MG,Generic,Tolvaptan Tab 30 MG,32.4500
Tolvaptan Tab 30 MG,10,NOVADOZ PHARMACEUTICALS,Samsca,30MG,Generic,Tolvaptan Tab 30 MG,13.4900
Topiramate Cap ER 24HR Sprinkle 200 MG,30,GLENMARK PHARMACEUTICALS,Topamax,200MG,Generic,Topiramate Cap ER 24HR Sprinkle 200 MG,6.0300
Topiramate Cap ER 24HR Sprinkle 50 MG,30,ZYDUS PHARMACEUTICALS (USA),Topamax,50MG,Generic,Topiramate Cap ER 24HR Sprinkle 50 MG,3.9700
Topiramate Sprinkle Cap 25 MG,60,AVET PHARMACEUTICALS,Topamax Sprinkle,25MG,Generic,Topiramate Sprinkle Cap 25 MG,0.1000
Topiramate Sprinkle Cap 25 MG,60,GLENMARK PHARMACEUTICALS,Topamax Sprinkle,25MG,Generic,Topiramate Sprinkle Cap 25 MG,0.1100
Topotecan HCl Inj 4 MG/4ML (Base Equiv) (For Infusion),4 ML,ACCORD HEALTHCARE,,4MG/4ML,Generic,Topotecan HCl Inj 4 MG/4ML (Base Equiv) (For Infusion),14.8400
Torsemide Tab 20 MG,500,HIKMA PHARMACEUTICALS USA,Demadex,20MG,Generic,Torsemide Tab 20 MG,0.0600
Trandolapril Tab 1 MG,100,RISING PHARMACEUTICALS,Mavik,1MG,Generic,Trandolapril Tab 1 MG,0.0200
Tretinoin Cream 0.05%,45 GM,SUN PHARMACEUTICALS,Retin-A,0.05%,Generic,Tretinoin Cream 0.05%,1.1200
Tretinoin Cream 0.1%,20 GM,PADAGIS,Retin-A,0.1%,Generic,Tretinoin Cream 0.1%,0.7900
Tretinoin Gel 0.01%,15 GM,PADAGIS,Refissa,0.01%,Generic,Tretinoin Gel 0.01%,0.9400
Tretinoin Microsphere Gel 0.04%,50 GM,OCEANSIDE PHARMACEUTICALS,Retin- A Micro,0.04%,Generic,Tretinoin Microsphere Gel 0.04%,5.9500
Tretinoin Microsphere Gel 0.1%,20 GM,OCEANSIDE PHARMACEUTICALS,Retin- A Micro,0.1%,Generic,Tretinoin Microsphere Gel 0.1%,10.7500
Tretinoin Microsphere Gel 0.1%,50 GM,OCEANSIDE PHARMACEUTICALS,Retin- A Micro,0.1%,Generic,Tretinoin Microsphere Gel 0.1%,9.0300
Triamcinolone Acetonide Aerosol Soln 0.147 MG/GM,100 GM,PADAGIS,Kenalog,0.147MG/GM,Generic,Triamcinolone Acetonide Aerosol Soln 0.147 MG/GM,0.7800
Triamcinolone Acetonide Cream 0.1%,15 GM,ASCEND LABORATORIES,Kenalog,0.1%,Generic,Triamcinolone Acetonide Cream 0.1%,0.1100
Triamcinolone Acetonide Cream 0.1%,454 GM,ENCUBE ETHICALS,Aristocort/Kenalog,0.1%,Generic,Triamcinolone Acetonide Cream 0.1%,0.0200
Triamcinolone Acetonide Nasal Aerosol Suspension 55 MCG/ACT,16.9 ML,PADAGIS,Kenalog,55MCG/ACT,Generic,Triamcinolone Acetonide Nasal Aerosol Suspension 55 MCG/ACT,0.5300
Triamcinolone Acetonide Oint 0.025%,15 GM,COSETTE PHARMACEUTICALS,Aristocort/Kenalog,0.025%,Generic,Triamcinolone Acetonide Oint 0.025%,0.1200
Triamterene  Hydrochlorothiazide Cap 37.5-25 MG,1000,VIONA PHARMACEUTICALS,Dyazide,37.5-25MG,Generic,Triamterene & Hydrochlorothiazide Cap 37.5-25 MG,0.0500
Trifena Pain Relief PTCH 1.2-5-4 %,15,TRIFLUENT PHARMA,Trifena,1.2-5-4%,Trademarked,Diclofenac Sodium-Menthol-Lidocaine Patch 1.2-5-4%,21.7700
Triple Antibiotic OINT 3.5-400-5000,1 X 144,PADAGIS,Neosporin,,Brand,*Neomycin-Bacitracin-Polymyxin Oint***,9.2700
True Comfort Pro Insulin Syr MISC 30G X 1/2 0.5 ML,100,HOME AIDE DIAGNOSTICS,,30G X 1/20.5 ML,Brand,Insulin Syringe/Needle U-100 1/2 ML 30 x 1/2,0.1100
Turqoz TABS 0.3-30 MG-MCG,28 X 3,LUPIN PHARMACEUTICALS,Lo Ovral,0.3-30MG-MCG,Trademarked,Norgestrel & Ethinyl Estradiol Tab 0.3 MG-30 MCG,0.4700
Tussin Mucus  Chest Congest LIQD 100 MG/5ML,118 ML,RELIABLE 1 LABS,Robitussin Mucus+Chest Congest,100MG/5ML,Brand,Guaifenesin Liquid 100 MG/5ML,0.0200
Urea Cream 39%,227 GM,BIOCOMP PHARMA,Rea-Lo,39%,Generic,Urea Cream 39%,0.2600
Urea Cream 40%,198.4 GM,METHOD PHARMACEUTICALS,Rea lo,40%,Generic,Urea Cream 40%,0.1800
Urea Cream 40%,28.4 GM,METHOD PHARMACEUTICALS,Rea lo,40%,Generic,Urea Cream 40%,0.9700
Urea Cream 45%,255 GM,EXACT-RX,Aluvea,45%,Generic,Urea Cream 45%,0.2800
Ursodiol Cap 300 MG,100,LANNETT,Actigall,300MG,Generic,Ursodiol Cap 300 MG,0.1900
Valacyclovir HCl Tab 1 GM,30,SUN PHARMACEUTICALS,Valtrex,1GM,Generic,Valacyclovir HCl Tab 1 GM,0.1600
Valacyclovir HCl Tab 500 MG,30,JUBILANT CADISTA,Valtrex,500MG,Generic,Valacyclovir HCl Tab 500 MG,0.1200
Valganciclovir HCl For Soln 50 MG/ML (Base Equiv),88 ML,FLORIDA PHARMACEUTICAL PRODUCT,Valcyte,50MG/ML,Generic,Valganciclovir HCl For Soln 50 MG/ML (Base Equiv),0.9200
Valsartan Tab 40 MG,90,SOLCO HEALTHCARE,Diovan,40MG,Generic,Valsartan Tab 40 MG,0.0100
Valsartan Tab 80 MG,90,MACLEODS PHARMACEUTICALS,Diovan,80MG,Generic,Valsartan Tab 80 MG,0.0400
Vardenafil HCl Tab 10 MG,30,ALEMBIC PHARMACEUTICALS,Levitra,10MG,Generic,Vardenafil HCl Tab 10 MG,1.3300
Varenicline Tartrate Tab 0.5 MG (Base Equiv),56,CAMBER PHARMACEUTICALS,Chantix,0.5MG,Generic,Varenicline Tartrate Tab 0.5 MG (Base Equiv),0.1200
Varenicline Tartrate Tab 0.5 MG (Base Equiv),56,LUPIN PHARMACEUTICALS,Chantix,0.5MG,Generic,Varenicline Tartrate Tab 0.5 MG (Base Equiv),0.2600
Varenicline Tartrate Tab 11 x 0.5 MG  42 x 1 MG Start Pack,53,CAMBER PHARMACEUTICALS,Chantix,0.5 MG X 11 &1 MG X 42,Generic,Varenicline Tartrate Tab 11 x 0.5 MG & 42 x 1 MG Start Pack,0.1800
Varenicline Tartrate Tab 1 MG (Base Equiv),56,CAMBER PHARMACEUTICALS,Champix,1MG,Generic,Varenicline Tartrate Tab 1 MG (Base Equiv),0.1200
Venlafaxine HCl Cap ER 24HR 150 MG (Base Equivalent),30,CAMBER PHARMACEUTICALS,Effexor XR,150MG,Generic,Venlafaxine HCl Cap ER 24HR 150 MG (Base Equivalent),0.0600
Venlafaxine HCl Cap ER 24HR 37.5 MG (Base Equivalent),1000,ZYDUS PHARMACEUTICALS (USA),Effexor XR,37.5MG,Generic,Venlafaxine HCl Cap ER 24HR 37.5 MG (Base Equivalent),0.0300
Venlafaxine HCl Cap ER 24HR 75 MG (Base Equivalent),1000,ZYDUS PHARMACEUTICALS (USA),Effexor XR,75MG,Generic,Venlafaxine HCl Cap ER 24HR 75 MG (Base Equivalent),0.0300
Venlafaxine HCl Cap ER 24HR 75 MG (Base Equivalent),90,ZYDUS PHARMACEUTICALS (USA),Effexor XR,75MG,Generic,Venlafaxine HCl Cap ER 24HR 75 MG (Base Equivalent),0.0300
Venlafaxine HCl Tab 37.5 MG (Base Equivalent),100,SUN PHARMACEUTICALS,Effexor,37.5MG,Generic,Venlafaxine HCl Tab 37.5 MG (Base Equivalent),0.0800
Venlafaxine HCl Tab ER 24HR 150 MG (Base Equivalent),90,RISING PHARMACEUTICALS,Effexor XR,150MG,Generic,Venlafaxine HCl Tab ER 24HR 150 MG (Base Equivalent),0.0500
Verapamil HCl Tab ER 240 MG,500,NIVAGEN PHARMACEUTICALS,Calan-SR,240MG,Generic,Verapamil HCl Tab ER 240 MG,0.1100
Vilazodone HCl Tab 10 MG,30,NOVADOZ PHARMACEUTICALS,Viibryd,10MG,Generic,Vilazodone HCl Tab 10 MG,0.2900
Vilazodone HCl Tab 20 MG,30,NOVADOZ PHARMACEUTICALS,Viibryd,20MG,Generic,Vilazodone HCl Tab 20 MG,0.4800
Vitamin C Liquid 4oz LIQD 500 MG/5ML,118 ML,false,Liquid C 500MG,500MG/5ML,Generic,,0.0400
Wes-Phos 250 Neutral TABS 155-852-130 MG,100,WESTMINSTER PHARMACEUTICALS,K-Phos-Neutral,155-852-130MG,Brand,Pot Phos Monobasic w/Sod Phos Di & Monobas Tab 155-852-130MG,0.1100
WesTab One TABS 2.5-25-1 MG,90,WESTMINSTER PHARMACEUTICALS,Folbee,2.5-25-1MG,Brand,Folic Acid-Vitamin B6-Vitamin B12 Tab 2.5-25-1 MG,0.1000
WesTab Plus TABS 27-1 MG,100,WESTMINSTER PHARMACEUTICALS,,27-1MG,Brand,*Prenatal Vit w/ Fe Fumarate-FA Tab 27-1 MG***,0.0600
WesTussin DM SYRP 1-10-5 MG/5ML,480 ML,WESTMINSTER PHARMACEUTICALS,,1-10-5MG/5ML,Brand,Phenylephrine-DM-Dexchlorpheniramine Syrup 5-10-1 MG/5ML,0.0300
Zenatane CAPS 40 MG,30,"DR.REDDY'S LABORATORIES, INC.",Isotretinoin,40MG,Trademarked,Isotretinoin Cap 40 MG,1.6600
Zinc Sulfate Tab 220 MG (50 MG Zinc Equivalent),100,GERI-CARE,"Orazinc, Zinc-220",220 (50 Zn)MG,Generic,Zinc Sulfate Tab 220 MG (50 MG Zinc Equivalent),0.0100
Ziprasidone HCl Cap 20 MG,60,APOTEX,Geodon,20MG,Generic,Ziprasidone HCl Cap 20 MG,0.1500
Zoledronic Acid Inj Conc For IV Infusion 4 MG/5ML,5 ML,WESTMINSTER PHARMACEUTICALS,,4MG/5ML,Generic,Zoledronic Acid Inj Conc For IV Infusion 4 MG/5ML,1.5900
Zolmitriptan Nasal Spray 5 MG/Spray Unit,6,PADAGIS,Zomig ZMT,5MG,Generic,Zolmitriptan Nasal Spray 5 MG/Spray Unit,33.0400
Zolmitriptan Orally Disintegrating Tab 2.5 MG,6,GLENMARK PHARMACEUTICALS,Zomig,2.5MG,Generic,Zolmitriptan Orally Disintegrating Tab 2.5 MG,1.4100
Zonisamide Cap 100 MG,100,AUROBINDO PHARMA,Zonegran,100MG,Generic,Zonisamide Cap 100 MG,0.0700
